rt,InChIKey,smiles,name,inchi
70.82960956,OPCJOXGBLDJWRM,CC(C)(CN)N,"1,2-diamino-2-methylpropane","InChI=1S/C4H12N2/c1-4(2,6)3-5/h3,5-6H2,1-2H3"
52.48512214,FKNQCJSGGFJEIZ,CC1=CC=NC=C1,4-methylpyridine,"InChI=1S/C6H7N/c1-6-2-4-7-5-3-6/h2-5H,1H3"
37.92379483,ZMANZCXQSJIPKH,CCN(CC)CC,triethylamine,"InChI=1S/C6H15N/c1-4-7(5-2)6-3/h4-6H2,1-3H3"
68.41369691,JDSHMPZPIAZGSV,C1(=NC(=NC(=N1)N)N)N,melamine,"InChI=1S/C3H6N6/c4-1-7-2(5)9-3(6)8-1/h(H6,4,5,6,7,8,9)"
79.73100163,YSAANLSYLSUVHB,CN(C)CCOCCO,2-[2-(dimethylamino)ethoxy]ethanol,"InChI=1S/C6H15NO2/c1-7(2)3-5-9-6-4-8/h8H,3-6H2,1-2H3"
104.4265343,PQNASZJZHFPQLE,CNCCCCC(C(=O)O)N,N(6)-methyllysine,"InChI=1S/C7H16N2O2/c1-9-5-3-2-4-6(8)7(10)11/h6,9H,2-5,8H2,1H3,(H,10,11)"
135.1478805,XXEWFEBMSGLYBY,CN(C)CCCCC(C(=O)O)N,"N(6),N(6)-dimethyl-lysine","InChI=1S/C8H18N2O2/c1-10(2)6-4-3-5-7(9)8(11)12/h7H,3-6,9H2,1-2H3,(H,11,12)"
137.2022614,PYUSHNKNPOHWEZ,CSCCC(C(=O)O)NC=O,N-formylmethionine,"InChI=1S/C6H11NO3S/c1-11-3-2-5(6(9)10)7-4-8/h4-5H,2-3H2,1H3,(H,7,8)(H,9,10)"
79.35451777,XGILAAMKEQUXLS,C1=CC=C2C(=C1)C(=CN2)CC(C(=O)O)O,indole-3-lactic acid,"InChI=1S/C11H11NO3/c13-10(11(14)15)5-7-6-12-9-4-2-1-3-8(7)9/h1-4,6,10,12-13H,5H2,(H,14,15)"
112.5770528,OCYROESYHWUPBP,CCC(C)C(C(=O)O)NC(=O)C1CCCN1,Pro-Ile,"InChI=1S/C11H20N2O3/c1-3-7(2)9(11(15)16)13-10(14)8-5-4-6-12-8/h7-9,12H,3-6H2,1-2H3,(H,13,14)(H,15,16)"
61.82414291,CXTATJFJDMJMIY,CCCCCCCC(=O)OC(CC(=O)[O-])C[N+](C)(C)C,acylcarnitine 08:0_b,"InChI=1S/C15H29NO4/c1-5-6-7-8-9-10-15(19)20-13(11-14(17)18)12-16(2,3)4/h13H,5-12H2,1-4H3"
49.47158192,OQWOHRPOYAVIOK,CCCCCC=CCCC(=O)OC(CC(=O)O)C[N+](C)(C)C,acylcarnitine 10:1,"InChI=1S/C17H31NO4/c1-5-6-7-8-9-10-11-12-17(21)22-15(13-16(19)20)14-18(2,3)4/h9-10,15H,5-8,11-14H2,1-4H3/p+1"
47.0628442,LZOSYCMHQXPBFU,CCCCCCCCCC(=O)OC(CC(=O)[O-])C[N+](C)(C)C,acylcarnitine 10:0,"InChI=1S/C17H33NO4/c1-5-6-7-8-9-10-11-12-17(21)22-15(13-16(19)20)14-18(2,3)4/h15H,5-14H2,1-4H3"
128.8060076,DKXNBNKWCZZMJT,C(C1C(C(C(C(O1)OC(C(CO)O)C(C(C=O)O)O)O)O)O)O,lactose,"InChI=1S/C12H22O11/c13-1-4(16)7(18)11(5(17)2-14)23-12-10(21)9(20)8(19)6(3-15)22-12/h1,4-12,14-21H,2-3H2"
32.76133012,IPOLTUVFXFHAHI,CCCCCCCCC=CCCCCCCCC(=O)OC(CC(=O)[O-])C[N+](C)(C)C,acylcarnitine 18:1_major,"InChI=1S/C25H47NO4/c1-5-6-7-8-9-10-11-12-13-14-15-16-17-18-19-20-25(29)30-23(21-24(27)28)22-26(2,3)4/h12-13,23H,5-11,14-22H2,1-4H3"
49.47158192,SRIGHEHXEGELQJ,CCCCCCCCCCCCCCCC(=O)OC[C@H](COP(=O)([O-])OCC[N+](C)(C)C)OC(=O)CCCCCC/C=C/C/C=C/C/C=C/CCCCC,PC 16:0_20:3,"InChI=1S/C44H82NO8P/c1-6-8-10-12-14-16-18-20-21-22-23-25-27-29-31-33-35-37-44(47)53-42(41-52-54(48,49)51-39-38-45(3,4)5)40-50-43(46)36-34-32-30-28-26-24-19-17-15-13-11-9-7-2/h14,16,20-21,23,25,42H,6-13,15,17-19,22,24,26-41H2,1-5H3/b16-14+,21-20+,25-23+/t42-/m1/s1"
34.89194448,SNKAWJBJQDLSFF,CCCCCCCCC=CCCCCCCCC(=O)OCC(COP(=O)([O-])OCC[N+](C)(C)C)OC(=O)CCCCCCCC=CCCCCCCCC,PC 18:1_18:1 a,"InChI=1S/C44H84NO8P/c1-6-8-10-12-14-16-18-20-22-24-26-28-30-32-34-36-43(46)50-40-42(41-52-54(48,49)51-39-38-45(3,4)5)53-44(47)37-35-33-31-29-27-25-23-21-19-17-15-13-11-9-7-2/h20-23,42H,6-19,24-41H2,1-5H3"
34.89194448,PSVRFUPOQYJOOZ,CCCCCCCCCCCCCCCCCC(=O)OCC(COP(=O)([O-])OCC[N+](C)(C)C)OC(=O)CCCC=CCC=CCC=CCC=CCCCCC,PC 18:0_20:4 b,"InChI=1S/C46H84NO8P/c1-6-8-10-12-14-16-18-20-22-23-25-27-29-31-33-35-37-39-46(49)55-44(43-54-56(50,51)53-41-40-47(3,4)5)42-52-45(48)38-36-34-32-30-28-26-24-21-19-17-15-13-11-9-7-2/h14,16,20,22,25,27,31,33,44H,6-13,15,17-19,21,23-24,26,28-30,32,34-43H2,1-5H3"
112.6031348,SXKNCCSPZDCRFD,C[N+](C)(C)CC=O,betaine aldehyde,"InChI=1S/C5H12NO/c1-6(2,3)4-5-7/h5H,4H2,1-3H3/q+1"
143.0016139,HXEACLLIILLPRG,C1CCNC(C1)C(=O)O,pipecolic acid,"InChI=1S/C6H11NO2/c8-6(9)5-3-1-2-4-7-5/h5,7H,1-4H2,(H,8,9)"
113.3966216,CMUNUTVVOOHQPW,C[N+]1(CCCC1C(=O)[O-])C,proline betaine_minor,"InChI=1S/C7H13NO2/c1-8(2)5-3-4-6(8)7(9)10/h6H,3-5H2,1-2H3"
52.74039333,GOILPRCCOREWQE,COC1=NC=NC2=C1NC=N2,6-methoxypurine,"InChI=1S/C6H6N4O/c1-11-6-4-5(8-2-7-4)9-3-10-6/h2-3H,1H3,(H,7,8,9,10)"
38.75616782,KLTHQSWIRFFBRI,CCCCCCCCCCCCCCCC(=O)OCC(COP(=O)([O-])OCC[N+](C)(C)C)OC(=O)CCCC=CCC=CCC=CCC=CCC=CCC,PC 16:0_20:5,"InChI=1S/C44H78NO8P/c1-6-8-10-12-14-16-18-20-21-22-23-25-27-29-31-33-35-37-44(47)53-42(41-52-54(48,49)51-39-38-45(3,4)5)40-50-43(46)36-34-32-30-28-26-24-19-17-15-13-11-9-7-2/h8,10,14,16,20-21,23,25,29,31,42H,6-7,9,11-13,15,17-19,22,24,26-28,30,32-41H2,1-5H3"
69.25158892,STEYNUVPFMIUOY,CC1(CC(CC(N1CCO)(C)C)O)C,hydroxyethyl tetramethylpiperidinol,"InChI=1S/C11H23NO2/c1-10(2)7-9(14)8-11(3,4)12(10)5-6-13/h9,13-14H,5-8H2,1-4H3"
71.23106866,MRUAUOIMASANKQ,CCCCCCCCCCCC(=O)NCCC[N+](C)(C)CC(=O)O,cocamidopropyl betaine b,"InChI=1S/C19H38N2O3/c1-4-5-6-7-8-9-10-11-12-14-18(22)20-15-13-16-21(2,3)17-19(23)24/h4-17H2,1-3H3,(H-,20,22,23,24)/p+1"
96.76944863,CJKONRHMUGBAQI,CC(C(=O)[O-])[N+](C)(C)C,methylbetain,"InChI=1S/C6H13NO2/c1-5(6(8)9)7(2,3)4/h5H,1-4H3"
34.53984587,XOMRRQXKHMYMOC,CCCCCCCCCCCCCCCC(=O)OC(CC(=O)[O-])C[N+](C)(C)C,acylcarnitine 16:0,"InChI=1S/C23H45NO4/c1-5-6-7-8-9-10-11-12-13-14-15-16-17-18-23(27)28-21(19-22(25)26)20-24(2,3)4/h21H,5-20H2,1-4H3"
135.9758235,STTYIMSDIYISRG,CC(C)C(C(=O)NC(CO)C(=O)O)N,Val-Ser minor,"InChI=1S/C8H16N2O4/c1-4(2)6(9)7(12)10-5(3-11)8(13)14/h4-6,11H,3,9H2,1-2H3,(H,10,12)(H,13,14)"
104.9494667,VOWFCBSRZKGKTF,C[N+]1(C)CCCC1C(=O)N1CCCC1C(=O)O,"N,N-dimethyl-proline-proline betaine","InChI=1S/C12H20N2O3/c1-14(2)8-4-6-10(14)11(15)13-7-3-5-9(13)12(16)17/h9-10H,3-8H2,1-2H3/p+1"
50.41981048,RFFDJZQBHPFTBX,CCC=CCC=CCCC(=O)OC(CC(=O)O)C[N+](C)(C)C,acylcarnitine 10:2 a,"InChI=1S/C17H29NO4/c1-5-6-7-8-9-10-11-12-17(21)22-15(13-16(19)20)14-18(2,3)4/h6-7,9-10,15H,5,8,11-14H2,1-4H3/p+1"
53.12041476,KTWZODJOQFVYRN,CCCCCCC=CCCC(=O)OC(CC(=O)O)C[N+](C)(C)C,acylcarnitine 11:1,"InChI=1S/C18H33NO4/c1-5-6-7-8-9-10-11-12-13-18(22)23-16(14-17(20)21)15-19(2,3)4/h10-11,16H,5-9,12-15H2,1-4H3/p+1"
28.35302441,JMAYDGBZRHQJAT,CCCCCCCCCCCCCCCC(=O)OC[C@H](COP(=O)([O-])OCC[N+](C)(C)C)OC(=O)CCCCCCC/C=C\C/C=C\C/C=C\CC,PC 16:0_18:3,"InChI=1S/C42H78NO8P/c1-6-8-10-12-14-16-18-20-21-23-25-27-29-31-33-35-42(45)51-40(39-50-52(46,47)49-37-36-43(3,4)5)38-48-41(44)34-32-30-28-26-24-22-19-17-15-13-11-9-7-2/h8,10,14,16,20-21,40H,6-7,9,11-13,15,17-19,22-39H2,1-5H3/b10-8-,16-14-,21-20-/t40-/m1/s1"
17.27048767,GRFNBEZIAWKNCO,C1=CC(=CN=C1)O,3-hydroxypyridine,"InChI=1S/C5H5NO/c7-5-2-1-3-6-4-5/h1-4,7H"
112.8273154,KDXKERNSBIXSRK,C(CCN)CC(C(=O)O)N,lysine,"InChI=1S/C6H14N2O2/c7-4-2-1-3-5(8)6(9)10/h5H,1-4,7-8H2,(H,9,10)"
113.7511235,UJCGYTCAMOHYCG,CN1C=NC=C1CC(=O)O,1-methyl-5-imidazoleacetic acid,"InChI=1S/C6H8N2O2/c1-8-4-7-3-5(8)2-6(9)10/h3-4H,2H2,1H3,(H,9,10)"
88.53994707,CSRXCVLPMJBQIM,CC(C)CC1C(=O)NC(C(=O)N1)CCC(=O)O,hexenoyl-lysine,"InChI=1S/C11H18N2O4/c1-6(2)5-8-11(17)12-7(10(16)13-8)3-4-9(14)15/h6-8H,3-5H2,1-2H3,(H,12,17)(H,13,16)(H,14,15)"
14.42307163,IXEQEYRTSRFZEO,CC1=CN=C(C(=C1OC)C)CS(=O)(=O)C2=NC3=C(N2)C=C(C=C3)OC,omeprazole sulfone,"InChI=1S/C17H19N3O4S/c1-10-8-18-15(11(2)16(10)24-4)9-25(21,22)17-19-13-6-5-12(23-3)7-14(13)20-17/h5-8H,9H2,1-4H3,(H,19,20)"
36.37150623,ZAYXPDDGEIJGGW,CCCCCCCC/C=C\CCCCCCCC(=O)OC[C@H](COP(=O)([O-])OCC[N+](C)(C)C)OC(=O)CCC/C=C\C/C=C\C/C=C\C/C=C\CCCCC,PC 18:1_20:4 a,"InChI=1S/C46H82NO8P/c1-6-8-10-12-14-16-18-20-22-23-25-27-29-31-33-35-37-39-46(49)55-44(43-54-56(50,51)53-41-40-47(3,4)5)42-52-45(48)38-36-34-32-30-28-26-24-21-19-17-15-13-11-9-7-2/h14,16,20-22,24-25,27,31,33,44H,6-13,15,17-19,23,26,28-30,32,34-43H2,1-5H3/b16-14-,22-20-,24-21-,27-25-,33-31-/t44-/m1/s1"
80.2958419,KDCCOOGTVSRCHX,CCC1=C(C(=O)NC1CC2=C(C(=C(N2)C=C3C(=C(C(=N3)CC4C(=C(C(=O)N4)CC)C)C)CCC(=O)O)CCC(=O)O)C)C,urobilin,"InChI=1S/C33H42N4O6/c1-7-20-19(6)32(42)37-27(20)14-25-18(5)23(10-12-31(40)41)29(35-25)15-28-22(9-11-30(38)39)17(4)24(34-28)13-26-16(3)21(8-2)33(43)36-26/h15,26-27,35H,7-14H2,1-6H3,(H,36,43)(H,37,42)(H,38,39)(H,40,41)"
70.04993116,PPTNNIINSOQWCE,CCCCCCCCCCCCCCCC(=O)OC[C@H](COP(=O)([O-])OCC[N+](C)(C)C)OC(=O)CCCCCCCC=O,PC 16:0_9:0(CHO),"InChI=1S/C33H64NO9P/c1-5-6-7-8-9-10-11-12-13-14-15-18-21-24-32(36)40-29-31(30-42-44(38,39)41-28-26-34(2,3)4)43-33(37)25-22-19-16-17-20-23-27-35/h27,31H,5-26,28-30H2,1-4H3/t31-/m1/s1"
43.1588815,KIVAJCJTVPWSRJ,CCCCCCCCCCCCCC(=O)OC(COC(=O)CCCCCCCC=CCCCCCCCC)COP(=O)([O-])OCC[N+](C)(C)C,PC 18:1_14:0,"InChI=1S/C40H78NO8P/c1-6-8-10-12-14-16-18-19-20-21-23-24-26-28-30-32-39(42)46-36-38(37-48-50(44,45)47-35-34-41(3,4)5)49-40(43)33-31-29-27-25-22-17-15-13-11-9-7-2/h19-20,38H,6-18,21-37H2,1-5H3"
52.31255893,MPSPNFAQQQMFLK,CCCCCCCCC(=O)OC(CC(=O)O)C[N+](C)(C)C,acylcarnitine 09:0,"InChI=1S/C16H31NO4/c1-5-6-7-8-9-10-11-16(20)21-14(12-15(18)19)13-17(2,3)4/h14H,5-13H2,1-4H3/p+1"
41.49006829,KILNVBDSWZSGLL,CCCCCCCCCCCCCCCC(=O)OCC(COP(=O)([O-])OCC[N+](C)(C)C)OC(=O)CCCCCCCCCCCCCCC,PC 16:0_16:0,"InChI=1S/C40H80NO8P/c1-6-8-10-12-14-16-18-20-22-24-26-28-30-32-39(42)46-36-38(37-48-50(44,45)47-35-34-41(3,4)5)49-40(43)33-31-29-27-25-23-21-19-17-15-13-11-9-7-2/h38H,6-37H2,1-5H3"
115.2169149,KIDHWZJUCRJVML,C(CCN)CN,putrescine,InChI=1S/C4H12N2/c5-3-1-2-4-6/h1-6H2
80.24192081,KSQFFJKKJAEKTB,C=CC1=C(C)C(Cc2[nH]c(Cc3[nH]c(CC4NC(=O)C(C)=C4CC)c(C)c3CCC(=O)O)c(CCC(=O)O)c2C)NC1=O,urobilinogen,"InChI=1S/C33H42N4O6/c1-7-20-19(6)32(42)37-27(20)14-25-18(5)23(10-12-31(40)41)29(35-25)15-28-22(9-11-30(38)39)17(4)24(34-28)13-26-16(3)21(8-2)33(43)36-26/h8,26-27,34-35H,2,7,9-15H2,1,3-6H3,(H,36,43)(H,37,42)(H,38,39)(H,40,41)"
52.05938374,RRVPPYNAZJRZFR,CCCCCCCCCCCCCCCC(=O)OC(COC(=O)CCCCCCCC=CCCCCCCCC)COP(=O)([O-])OCC[N+](C)(C)C,PC 18:1_16:0,"InChI=1S/C42H82NO8P/c1-6-8-10-12-14-16-18-20-21-23-24-26-28-30-32-34-41(44)48-38-40(39-50-52(46,47)49-37-36-43(3,4)5)51-42(45)35-33-31-29-27-25-22-19-17-15-13-11-9-7-2/h20-21,40H,6-19,22-39H2,1-5H3"
81.47181449,BNIMNWBBWQHMIM,CN1C(=CC=N1)CCC(=O)O,3-(1-methyl-1H-pyrazol-5-yl)propanoic acid,"InChI=1S/C7H10N2O2/c1-9-6(4-5-8-9)2-3-7(10)11/h4-5H,2-3H2,1H3,(H,10,11)"
26.95929634,WWVIUVHFPSALDO,CCCCCCCCCCCCCCCCCC(=O)NCCCN(C)C,dimethylaminopropyl stearamide,"InChI=1S/C23H48N2O/c1-4-5-6-7-8-9-10-11-12-13-14-15-16-17-18-20-23(26)24-21-19-22-25(2)3/h4-22H2,1-3H3,(H,24,26)"
75.05141972,KLZGKIDSEJWEDW,CC(=O)NCCCCN,N-acetylputrescine,"InChI=1S/C6H14N2O/c1-6(9)8-5-3-2-4-7/h2-5,7H2,1H3,(H,8,9)"
157.0589104,PFNFFQXMRSDOHW,C(CCNCCCN)CNCCCN,spermine_06,"InChI=1S/C10H26N4/c11-5-3-9-13-7-1-2-8-14-10-4-6-12/h13-14H,1-12H2"
80.51580277,GGIDWJQWCUJYRY,C=CC1=C(C)C2=NC1=Cc1c(C)c(C=C)c3n1[Fe+]n1c(c(C)c(CCC(=O)O)c1=CC1=NC(=C3)C(C)=C1CCC(=O)O)=C2,hemin_early eluting,"InChI=1S/C34H34N4O4.Fe/c1-7-21-17(3)25-13-26-19(5)23(9-11-33(39)40)31(37-26)16-32-24(10-12-34(41)42)20(6)28(38-32)15-30-22(8-2)18(4)27(36-30)14-29(21)35-25;/h7-8,13-16H,1-2,9-12H2,3-6H3,(H4,35,36,37,38,39,40,41,42);/q;+3/p-2"
88.27195271,YEJYLHKQOBOSCP,CCCCCCCCCCCCCCCC(=O)OCC(CO)OC(=O)CCCCCCCC=CCCCCCCCC,DG 16:0_18:1,"InChI=1S/C37H70O5/c1-3-5-7-9-11-13-15-17-18-20-22-24-26-28-30-32-37(40)42-35(33-38)34-41-36(39)31-29-27-25-23-21-19-16-14-12-10-8-6-4-2/h17-18,35,38H,3-16,19-34H2,1-2H3"
114.0425859,BZUIJMCJNWUGKQ,C(CCNCC(CCN)O)CC(C(=O)O)N,hypusine,"InChI=1S/C10H23N3O3/c11-5-4-8(14)7-13-6-2-1-3-9(12)10(15)16/h8-9,13-14H,1-7,11-12H2,(H,15,16)"
19.59145429,GLFDLEXFOHUASB,CCCCCCCCCCCCCC[N+](C)(C)C,tetradecyltrimethylammonium,"InChI=1S/C17H38N/c1-5-6-7-8-9-10-11-12-13-14-15-16-17-18(2,3)4/h5-17H2,1-4H3/q+1"
49.25241697,KWGRBVOPPLSCSI,CC(C(C1=CC=CC=C1)O)NC,pseudoephedrine b,"InChI=1S/C10H15NO/c1-8(11-2)10(12)9-6-4-3-5-7-9/h3-8,10-12H,1-2H3"
42.81067319,RWTNPBWLLIMQHL,CC(C)(C1=CC=C(C=C1)C(CCCN2CCC(CC2)C(C3=CC=CC=C3)(C4=CC=CC=C4)O)O)C(=O)O,fexofenadine,"InChI=1S/C32H39NO4/c1-31(2,30(35)36)25-17-15-24(16-18-25)29(34)14-9-21-33-22-19-28(20-23-33)32(37,26-10-5-3-6-11-26)27-12-7-4-8-13-27/h3-8,10-13,15-18,28-29,34,37H,9,14,19-23H2,1-2H3,(H,35,36)"
106.5951429,BYIORJAACCWFPU,C1=C(C=NC=C1N)C(=O)O,5-aminonicotinic acid,"InChI=1S/C6H6N2O2/c7-5-1-4(6(9)10)2-8-3-5/h1-3H,7H2,(H,9,10)"
17.66140206,IPFBMHOMTSBTSU,CC(=O)NC1=CC(=C(C=C1)O)O,3-hydroxyacetaminophen,"InChI=1S/C8H9NO3/c1-5(10)9-6-2-3-7(11)8(12)4-6/h2-4,11-12H,1H3,(H,9,10)"
99.06602249,ATHGHQPFGPMSJY,C(CCNCCCN)CN,spermidine,"InChI=1S/C7H19N3/c8-4-1-2-6-10-7-3-5-9/h10H,1-9H2"
44.34117979,PSHXNVGSVNEJBD,CCCCCCCCCCCCCC(=O)OC(CC(=O)[O-])C[N+](C)(C)C,acylcarnitine 14:0,"InChI=1S/C21H41NO4/c1-5-6-7-8-9-10-11-12-13-14-15-16-21(25)26-19(17-20(23)24)18-22(2,3)4/h19H,5-18H2,1-4H3"
31.81636112,RBFQHRALHSUPIA,CCCCCC=CCC=CCC=CCC=CCCCC(=O)OC(CC(=O)[O-])C[N+](C)(C)C,acylcarnitine 20:4,"InChI=1S/C27H45NO4/c1-5-6-7-8-9-10-11-12-13-14-15-16-17-18-19-20-21-22-27(31)32-25(23-26(29)30)24-28(2,3)4/h9-10,12-13,15-16,18-19,25H,5-8,11,14,17,20-24H2,1-4H3"
22.39742595,OTKJDMGTUTTYMP,CCCCCCCCCCCCCCCC(C(CO)N)O,sphinganine,"InChI=1S/C18H39NO2/c1-2-3-4-5-6-7-8-9-10-11-12-13-14-15-18(21)17(19)16-20/h17-18,20-21H,2-16,19H2,1H3"
12.04152191,NBIIXXVUZAFLBC,OP(=O)(O)O,phosphoric acid,"InChI=1S/H3O4P/c1-5(2,3)4/h(H3,1,2,3,4)"
41.9578933,LNGBVAOHJZCRIL,CCCCCCCCCCCCCCC(=O)O[C@H](COC(=O)CCCCCCCCC/C=C\C/C=C\CCCCC)COP(=O)([O-])OCC[N+](C)(C)C,PC 20:2_15:0,"InChI=1S/C43H82NO8P/c1-6-8-10-12-14-16-18-20-21-22-23-24-26-27-29-31-33-35-42(45)49-39-41(40-51-53(47,48)50-38-37-44(3,4)5)52-43(46)36-34-32-30-28-25-19-17-15-13-11-9-7-2/h14,16,20-21,41H,6-13,15,17-19,22-40H2,1-5H3/b16-14-,21-20-/t41-/m1/s1"
30.47592107,QQQQNYAHSSIZBU,CCCCCCCCCCCCCCCCOCC(COP(=O)([O-])OCC[N+](C)(C)C)OC(=O)CCC=CCC=CCC=CCC=CCC=CCC=CCC,PC-O 16:0_22:6 a,"InChI=1S/C46H82NO7P/c1-6-8-10-12-14-16-18-20-22-23-24-25-26-27-29-31-33-35-37-39-46(48)54-45(44-53-55(49,50)52-42-40-47(3,4)5)43-51-41-38-36-34-32-30-28-21-19-17-15-13-11-9-7-2/h8,10,14,16,20,22,24-25,27,29,33,35,45H,6-7,9,11-13,15,17-19,21,23,26,28,30-32,34,36-44H2,1-5H3"
49.04461529,MHUZXLUKTLNHIX,CCCCCCCCCCCCCCCCC(=O)OC[C@H](COP(=O)([O-])OCC[N+](C)(C)C)OC(=O)CCC/C=C\C/C=C\C/C=C\C/C=C\CCCCC,PC 17:0_20:4,"InChI=1S/C45H82NO8P/c1-6-8-10-12-14-16-18-20-22-23-24-26-28-30-32-34-36-38-45(48)54-43(42-53-55(49,50)52-40-39-46(3,4)5)41-51-44(47)37-35-33-31-29-27-25-21-19-17-15-13-11-9-7-2/h14,16,20,22,24,26,30,32,43H,6-13,15,17-19,21,23,25,27-29,31,33-42H2,1-5H3/b16-14-,22-20-,26-24-,32-30-/t43-/m1/s1"
37.30273224,SFSJJONFWFZOGW,CCCCCCCCC=CCCCCCCCCCC(=O)OCC(COP(=O)([O-])OCC[N+](C)(C)C)OC(=O)CCCCCCC=CCC=CCC=CCC=CCC,PC 20:1_20:4,"InChI=1S/C48H86NO8P/c1-6-8-10-12-14-16-18-20-22-24-26-28-30-32-34-36-38-40-47(50)54-44-46(45-56-58(52,53)55-43-42-49(3,4)5)57-48(51)41-39-37-35-33-31-29-27-25-23-21-19-17-15-13-11-9-7-2/h9,11,15,17,20-23,27,29,46H,6-8,10,12-14,16,18-19,24-26,28,30-45H2,1-5H3"
47.38660292,FHHVIBPVBBRLOR,CCCCCCCCCCCCCCCCC=COCC(COP(=O)([O-])OCC[N+](C)(C)C)OC(=O)CCCC=CCC=CCC=CCC=CCCCCC,PC P-18:0_20:4,"InChI=1S/C46H84NO7P/c1-6-8-10-12-14-16-18-20-22-24-25-27-29-31-33-35-37-39-46(48)54-45(44-53-55(49,50)52-42-40-47(3,4)5)43-51-41-38-36-34-32-30-28-26-23-21-19-17-15-13-11-9-7-2/h14,16,20,22,25,27,31,33,38,41,45H,6-13,15,17-19,21,23-24,26,28-30,32,34-37,39-40,42-44H2,1-5H3"
87.66942767,MQGBAQLIFKSMEM,CCCCCC=CCC=CCCCCCCCC(=O)OCC(CO)OC(=O)CCCCCCCC=CCC=CCCCCC,DG 18:2_18:2,"InChI=1S/C39H68O5/c1-3-5-7-9-11-13-15-17-19-21-23-25-27-29-31-33-38(41)43-36-37(35-40)44-39(42)34-32-30-28-26-24-22-20-18-16-14-12-10-8-6-4-2/h11-14,17-20,37,40H,3-10,15-16,21-36H2,1-2H3"
47.3783096,GPWHCUUIQMGELX,CCCCCCC=CCCCCCCCC(=O)OCC(COP(=O)([O-])OCC[N+](C)(C)C)OC(=O)CCCCCCCC=CCCCCCC,PC 16:1_16:1,"InChI=1S/C40H76NO8P/c1-6-8-10-12-14-16-18-20-22-24-26-28-30-32-39(42)46-36-38(37-48-50(44,45)47-35-34-41(3,4)5)49-40(43)33-31-29-27-25-23-21-19-17-15-13-11-9-7-2/h16-19,38H,6-15,20-37H2,1-5H3"
41.90105098,SIEDNCDNGMIKST,CCCCCCCCCCCCCCCCOCC(COP(=O)([O-])OCC[N+](C)(C)C)OC(=O)CCCCCCCC=CCCCCCCCC,PC O-16:0_18:1,"InChI=1S/C42H84NO7P/c1-6-8-10-12-14-16-18-20-22-23-25-27-29-31-33-35-42(44)50-41(40-49-51(45,46)48-38-36-43(3,4)5)39-47-37-34-32-30-28-26-24-21-19-17-15-13-11-9-7-2/h20,22,41H,6-19,21,23-40H2,1-5H3"
50.80805153,VYKSGWCIVDQIQR,CCCCCCCCCCCCCCCCOCC(COP(=O)([O-])OCC[N+](C)(C)C)OC(=O)CCCCCCC=CCC=CCC=CCCCCC,PC O-16:0_20:3,"InChI=1S/C44H84NO7P/c1-6-8-10-12-14-16-18-20-22-23-24-25-27-29-31-33-35-37-44(46)52-43(42-51-53(47,48)50-40-38-45(3,4)5)41-49-39-36-34-32-30-28-26-21-19-17-15-13-11-9-7-2/h14,16,20,22,24-25,43H,6-13,15,17-19,21,23,26-42H2,1-5H3"
51.39684293,ZSWHHKKYMMYPPD,CCCCCCCCCCCCCCC(=O)OC[C@H](COP(=O)([O-])OCC[N+](C)(C)C)OC(=O)CCC/C=C\C/C=C\C/C=C\C/C=C\CCCCC,PC 15:0_20:4,"InChI=1S/C43H78NO8P/c1-6-8-10-12-14-16-18-20-21-22-23-24-26-28-30-32-34-36-43(46)52-41(40-51-53(47,48)50-38-37-44(3,4)5)39-49-42(45)35-33-31-29-27-25-19-17-15-13-11-9-7-2/h14,16,20-21,23-24,28,30,41H,6-13,15,17-19,22,25-27,29,31-40H2,1-5H3/b16-14-,21-20-,24-23-,30-28-/t41-/m1/s1"
43.20890816,IQACMFWAGALEAQ,CCCCCCCCCCCCCCCCOCC(COP(=O)([O-])OCC[N+](C)(C)C)OC(=O)CCCCCCCC=CCC=CCCCCC,PC O-16:0_18:2,"InChI=1S/C42H82NO7P/c1-6-8-10-12-14-16-18-20-22-23-25-27-29-31-33-35-42(44)50-41(40-49-51(45,46)48-38-36-43(3,4)5)39-47-37-34-32-30-28-26-24-21-19-17-15-13-11-9-7-2/h14,16,20,22,41H,6-13,15,17-19,21,23-40H2,1-5H3"
62.73933482,MVOYJPOZRLFTCP,CN1C(=O)C2=C(NC1=O)N=CN2,1-methylxanthine,"InChI=1S/C6H6N4O2/c1-10-5(11)3-4(8-2-7-3)9-6(10)12/h2H,1H3,(H,7,8)(H,9,12)"
21.61208095,PDPKDRIXAIQZAV,C1CC2=CC=CC=C2C(=O)C3=C1C=CC=N3,"5,6-dihydro-11h-benzo[5,6]cyclohepta[1,2-b]pyridin-11-one b","InChI=1S/C14H11NO/c16-14-12-6-2-1-4-10(12)7-8-11-5-3-9-15-13(11)14/h1-6,9H,7-8H2"
27.64304964,JZJYYCFYGXPUMF,CCCCCCCCC=CCCCCCCCC(=O)NCC,N-ethyloctadec-9-enimidate,"InChI=1S/C20H39NO/c1-3-5-6-7-8-9-10-11-12-13-14-15-16-17-18-19-20(22)21-4-2/h11-12H,3-10,13-19H2,1-2H3,(H,21,22)"
38.40809468,XECQQDXTQRYYBH,CNCCC=C1C2=CC=CC=C2C=CC3=CC=CC=C31,norcyclobenzaprine,"InChI=1S/C19H19N/c1-20-14-6-11-19-17-9-4-2-7-15(17)12-13-16-8-3-5-10-18(16)19/h2-5,7-13,20H,6,14H2,1H3"
144.5445373,WVRUNFYJIHNFKD,CC(C(=O)O)NC(=O)C(CCCN=C(N)N)N,Arg-Ala,"InChI=1S/C9H19N5O3/c1-5(8(16)17)14-7(15)6(10)3-2-4-13-9(11)12/h5-6H,2-4,10H2,1H3,(H,14,15)(H,16,17)(H4,11,12,13)"
97.07120256,WDMXOLOBWMBITN,C1C(COC1CO)O,"pentitol, 1,4-anhydro-3-deoxy-","InChI=1S/C5H10O3/c6-2-5-1-4(7)3-8-5/h4-7H,1-3H2"
27.22836122,WUUGFSXJNOTRMR,CSCC1C(C(C(O1)N2C=NC3=C(N=CN=C32)N)O)O,5'-methylthioadenosine,"InChI=1S/C11H15N5O3S/c1-20-2-5-7(17)8(18)11(19-5)16-4-15-6-9(12)13-3-14-10(6)16/h3-5,7-8,11,17-18H,2H2,1H3,(H2,12,13,14)"
113.2124267,JLXVRFDTDUGQEE,C(CC(C(=O)O)NC(=O)CN)CN=C(N)N,Gly-Arg,"InChI=1S/C8H17N5O3/c9-4-6(14)13-5(7(15)16)2-1-3-12-8(10)11/h5H,1-4,9H2,(H,13,14)(H,15,16)(H4,10,11,12)"
97.40687437,LRCNOZRCYBNMEP,CC(C)C(=O)OC(CC(=O)[O-])C[N+](C)(C)C,acylcarnitine 2-methyl-propyl,"InChI=1S/C11H21NO4/c1-8(2)11(15)16-9(6-10(13)14)7-12(3,4)5/h8-9H,6-7H2,1-5H3"
37.57233007,DPIJSJWXUXNTJD,CCCCCCCCC=CCC=CCCC(=O)OC(CC(=O)O)C[N+](C)(C)C,acylcarnitine 16:2 a,"InChI=1S/C23H41NO4/c1-5-6-7-8-9-10-11-12-13-14-15-16-17-18-23(27)28-21(19-22(25)26)20-24(2,3)4/h12-13,15-16,21H,5-11,14,17-20H2,1-4H3/p+1"
121.203937,PGMIWVSHZMWSSI,CCNCCCNCCCCNCCCNCC,"N1, N12-bis(ethyl)spermine","InChI=1S/C14H34N4/c1-3-15-11-7-13-17-9-5-6-10-18-14-8-12-16-4-2/h15-18H,3-14H2,1-2H3"
19.54482475,SECXISVLQFMRJM,CN1CCCC1=O,2-Piperidone,"InChI=1S/C5H9NO/c1-6-4-2-3-5(6)7/h2-4H2,1H3"
18.38296944,IPRJXAGUEGOFGG,CCCCNS(=O)(=O)C1=CC=CC=C1,N-butylbenzenesulfonamide,"InChI=1S/C10H15NO2S/c1-2-3-9-11-14(12,13)10-7-5-4-6-8-10/h4-8,11H,2-3,9H2,1H3"
53.83259998,URPXXNCTXCOATD,CCCCCCCCCCCCCCCCC=COCC(COP(=O)(O)OCCN)OC(=O)CCCC=CCC=CCC=CCC=CCCCCC,PE O18:1_20:5,"InChI=1S/C43H78NO7P/c1-3-5-7-9-11-13-15-17-19-21-22-24-26-28-30-32-34-36-43(45)51-42(41-50-52(46,47)49-39-37-44)40-48-38-35-33-31-29-27-25-23-20-18-16-14-12-10-8-6-4-2/h11,13,17,19,22,24,28,30,35,38,42H,3-10,12,14-16,18,20-21,23,25-27,29,31-34,36-37,39-41,44H2,1-2H3,(H,46,47)"
47.09814047,MZWGYEJOZNRLQE,CCCCCCCCCCCCCCCCCC(=O)OCC(COP(=O)([O-])OCC[N+](C)(C)C)OC(=O)CCCCCCCCCCCCC,PC 18:0_14:0,"InChI=1S/C40H80NO8P/c1-6-8-10-12-14-16-18-19-20-21-23-24-26-28-30-32-39(42)46-36-38(37-48-50(44,45)47-35-34-41(3,4)5)49-40(43)33-31-29-27-25-22-17-15-13-11-9-7-2/h38H,6-37H2,1-5H3"
76.36719316,LKQLRGMMMAHREN,CCCCCCCCCCCCCCCCCC(=O)NC(COP(=O)([O-])OCC[N+](C)(C)C)C(C=CCCCCCCCCCCCCC)O,SM d18:1_18:0,"InChI=1S/C41H83N2O6P/c1-6-8-10-12-14-16-18-20-21-23-25-27-29-31-33-35-41(45)42-39(38-49-50(46,47)48-37-36-43(3,4)5)40(44)34-32-30-28-26-24-22-19-17-15-13-11-9-7-2/h32,34,39-40,44H,6-31,33,35-38H2,1-5H3,(H-,42,45,46,47)"
47.56392672,UUYSKERSKRMYME,CCCCCCCCCCCCCCC=COCC(COP(=O)(O)OCCN)OC(=O)CCCC=CCC=CCC=CCC=CCCCCC,PE P-16:0_20:4,"InChI=1S/C41H74NO7P/c1-3-5-7-9-11-13-15-17-19-20-21-22-24-26-28-30-32-34-41(43)49-40(39-48-50(44,45)47-37-35-42)38-46-36-33-31-29-27-25-23-18-16-14-12-10-8-6-4-2/h11,13,17,19,21-22,26,28,33,36,40H,3-10,12,14-16,18,20,23-25,27,29-32,34-35,37-39,42H2,1-2H3,(H,44,45)"
31.86346468,PNJOPEDVLDRQKM,CC=CCC=CCC=CCCC(=O)OC(COCCCCCCCCCCCCCCCC)COP(=O)(O)OCC[N+](C)(C)C,PC 15:0_22:6,"InChI=1S/C36H68NO7P/c1-6-8-10-12-14-16-17-18-19-20-22-24-26-28-31-41-33-35(34-43-45(39,40)42-32-30-37(3,4)5)44-36(38)29-27-25-23-21-15-13-11-9-7-2/h7,9,13,15,23,25,35H,6,8,10-12,14,16-22,24,26-34H2,1-5H3/p+1"
123.1375386,BFXZQMWKTYWGCF,CCC(C)C(C(=O)O)NC(=O)C(CC1=CN=CN1)NC(=O)C2CCCN2,Pro-His-Ile,"InChI=1S/C17H27N5O4/c1-3-10(2)14(17(25)26)22-16(24)13(7-11-8-18-9-20-11)21-15(23)12-5-4-6-19-12/h8-10,12-14,19H,3-7H2,1-2H3,(H,18,20)(H,21,23)(H,22,24)(H,25,26)"
56.96836848,SNICXCGAKADSCV,CN1CCCC1C2=CN=CC=C2,nicotine,"InChI=1S/C10H14N2/c1-12-7-3-5-10(12)9-4-2-6-11-8-9/h2,4,6,8,10H,3,5,7H2,1H3"
117.0560571,NTYJJOPFIAHURM,C1=C(NC=N1)CCN,histamine,"InChI=1S/C5H9N3/c6-2-1-5-3-7-4-8-5/h3-4H,1-2,6H2,(H,7,8)"
18.58808585,RADKZDMFGJYCBB,CC1=NC=C(C(=C1O)C=O)CO,pyridoxal,"InChI=1S/C8H9NO3/c1-5-8(12)7(4-11)6(3-10)2-9-5/h2,4,10,12H,3H2,1H3"
73.71947613,DSWOVBIRJNAJAF,CCCCCCCCCCCCCCCCC=COCC(COP(=O)([O-])OCC[N+](C)(C)C)OC(=O)CCCCCCCC=CCCCCCCCC,PC 02:0_20:0,"InChI=1S/C44H86NO7P/c1-6-8-10-12-14-16-18-20-22-24-26-28-30-32-34-36-39-49-41-43(42-51-53(47,48)50-40-38-45(3,4)5)52-44(46)37-35-33-31-29-27-25-23-21-19-17-15-13-11-9-7-2/h21,23,36,39,43H,6-20,22,24-35,37-38,40-42H2,1-5H3"
45.55566538,DGBYUHHIADYUMU,CCCCCCCCCCCCCCC(=O)OC[C@H](COP(=O)([O-])OCC[N+](C)(C)C)OC(=O)CCCCCCC/C=C\C/C=C\CCCCC,PC 15:0_18:2,"InChI=1S/C41H78NO8P/c1-6-8-10-12-14-16-18-20-21-22-24-26-28-30-32-34-41(44)50-39(38-49-51(45,46)48-36-35-42(3,4)5)37-47-40(43)33-31-29-27-25-23-19-17-15-13-11-9-7-2/h14,16,20-21,39H,6-13,15,17-19,22-38H2,1-5H3/b16-14-,21-20-/t39-/m1/s1"
150.1259918,JSSXHAMIXJGYCS,C1CNC(CN1)C(=O)O,piperazine-2-carboxylic acid,"InChI=1S/C5H10N2O2/c8-5(9)4-3-6-1-2-7-4/h4,6-7H,1-3H2,(H,8,9)"
122.0181072,JCQLYHFGKNRPGE,C(C1C(C(C(C(O1)OC2C(OC(C2O)(CO)O)CO)O)O)O)O,lactulose,"InChI=1S/C12H22O11/c13-1-4-6(16)7(17)8(18)11(21-4)22-9-5(2-14)23-12(20,3-15)10(9)19/h4-11,13-20H,1-3H2"
39.8726087,GEINPYKZLFHHIL,CCCCCCCCCCCCCCC(=O)OC[C@H](COP(=O)([O-])OCC[N+](C)(C)C)OC(=O)CC/C=C\C/C=C\C/C=C\C/C=C\C/C=C\C/C=C\CC,PC 15:0_22:6 a,"InChI=1S/C45H78NO8P/c1-6-8-10-12-14-16-18-20-21-22-23-24-25-26-28-30-32-34-36-38-45(48)54-43(42-53-55(49,50)52-40-39-46(3,4)5)41-51-44(47)37-35-33-31-29-27-19-17-15-13-11-9-7-2/h8,10,14,16,20-21,23-24,26,28,32,34,43H,6-7,9,11-13,15,17-19,22,25,27,29-31,33,35-42H2,1-5H3/b10-8-,16-14-,21-20-,24-23-,28-26-,34-32-/t43-/m1/s1"
86.8095193,BLFRQYKZFKYQLO,C(CCO)CN,4-amino-1-butanol,"InChI=1S/C4H11NO/c5-3-1-2-4-6/h6H,1-5H2"
30.67977759,XKVUYEYANWFIJX,CC1=CC=NN1,3-methylpyrazole,"InChI=1S/C4H6N2/c1-4-2-3-5-6-4/h2-3H,1H3,(H,5,6)"
22.51564046,PVENTVZLUAWWEI,CCCCCCCC/C=C\CCCCCCCC(=O)OC[C@H](COP(=O)(O)OC[C@@H](C(=O)O)N)OC(=O)CCC/C=C\C/C=C\C/C=C\C/C=C\CCCCC,PS 18:1_20:4,"InChI=1S/C44H76NO10P/c1-3-5-7-9-11-13-15-17-19-20-22-24-26-28-30-32-34-36-43(47)55-40(38-53-56(50,51)54-39-41(45)44(48)49)37-52-42(46)35-33-31-29-27-25-23-21-18-16-14-12-10-8-6-4-2/h11,13,17-19,21-22,24,28,30,40-41H,3-10,12,14-16,20,23,25-27,29,31-39,45H2,1-2H3,(H,48,49)(H,50,51)/b13-11-,19-17-,21-18-,24-22-,30-28-/t40-,41+/m1/s1"
37.29389584,TXHZYNSTTCIWMJ,CCCCCCCCCCCCCCCCC=COCC(COP(=O)([O-])OCC[N+](C)(C)C)OC(=O)CCC=CCC=CCC=CCC=CCC=CCC=CCC,PC P-18:0_22:6,"InChI=1S/C48H84NO7P/c1-6-8-10-12-14-16-18-20-22-24-25-26-27-29-31-33-35-37-39-41-48(50)56-47(46-55-57(51,52)54-44-42-49(3,4)5)45-53-43-40-38-36-34-32-30-28-23-21-19-17-15-13-11-9-7-2/h8,10,14,16,20,22,25-26,29,31,35,37,40,43,47H,6-7,9,11-13,15,17-19,21,23-24,27-28,30,32-34,36,38-39,41-42,44-46H2,1-5H3"
49.66954123,SOMLZCHLTBYFEL,CCCCCCCCCCCCC/C=C/C=C/C(=O)O[C@H](COC(=O)/C=C/C=C/CCCCCCCCCCC)COP(=O)([O-])OCC[N+](C)(C)C,PC 16:2_18:2,"InChI=1S/C42H76NO8P/c1-6-8-10-12-14-16-18-20-21-23-25-27-29-31-33-35-42(45)51-40(39-50-52(46,47)49-37-36-43(3,4)5)38-48-41(44)34-32-30-28-26-24-22-19-17-15-13-11-9-7-2/h28-35,40H,6-27,36-39H2,1-5H3/b30-28+,31-29+,34-32+,35-33+/t40-/m1/s1"
47.97401877,AJYXDMLIYIHUFX,CCCCCC/C=C\CCCCCCCCCCCC(=O)O[C@H](COC(=O)CCCCCCCCC/C=C\CCCCCC)COP(=O)([O-])OCC[N+](C)(C)C,PC 18:1_20:1,"InChI=1S/C46H88NO8P/c1-6-8-10-12-14-16-18-20-22-23-25-27-29-31-33-35-37-39-46(49)55-44(43-54-56(50,51)53-41-40-47(3,4)5)42-52-45(48)38-36-34-32-30-28-26-24-21-19-17-15-13-11-9-7-2/h16-19,44H,6-15,20-43H2,1-5H3/b18-16-,19-17-/t44-/m1/s1"
34.94619825,AXZGUCXCTZMPTR,CCCCCCCCCCCCCCCCCC(=O)OC[C@H](COP(=O)([O-])OCC[N+](C)(C)C)OC(=O)CCCCC/C=C\C/C=C\C/C=C\C/C=C\CCCCC,PC 18:0_22:4,"InChI=1S/C48H88NO8P/c1-6-8-10-12-14-16-18-20-22-23-24-25-27-29-31-33-35-37-39-41-48(51)57-46(45-56-58(52,53)55-43-42-49(3,4)5)44-54-47(50)40-38-36-34-32-30-28-26-21-19-17-15-13-11-9-7-2/h14,16,20,22,24-25,29,31,46H,6-13,15,17-19,21,23,26-28,30,32-45H2,1-5H3/b16-14-,22-20-,25-24-,31-29-/t46-/m1/s1"
50.63061307,SXNXGNVZTLZDHE,CCCCCCCCCCCCCCCCC(=O)OC[C@H](COP(=O)([O-])OCC[N+](C)(C)C)OC(=O)CCCCCCC/C=C\CCCCCCCC,PC 17:0_18:1,"InChI=1S/C43H84NO8P/c1-6-8-10-12-14-16-18-20-22-24-26-28-30-32-34-36-43(46)52-41(40-51-53(47,48)50-38-37-44(3,4)5)39-49-42(45)35-33-31-29-27-25-23-21-19-17-15-13-11-9-7-2/h20,22,41H,6-19,21,23-40H2,1-5H3/b22-20-/t41-/m1/s1"
96.01571424,HZSAJDVWZRBGIF,CC1=C(SC=[N+]1CC2=CN=C(N=C2N)C)CCOP(=O)(O)[O-],thiamine monophosphate,"InChI=1S/C12H17N4O4PS/c1-8-11(3-4-20-21(17,18)19)22-7-16(8)6-10-5-14-9(2)15-12(10)13/h5,7H,3-4,6H2,1-2H3,(H3-,13,14,15,17,18,19)"
69.60369282,MPWUZHVZZKSTPV,CCCCCCCCCCCCCCCC(=O)OC[C@H](COP(=O)(O)OCCN)OC(=O)CC/C=C\C/C=C\C/C=C\C/C=C\C/C=C\C/C=C\CC,PE 16:0_22:6,"InChI=1S/C43H74NO8P/c1-3-5-7-9-11-13-15-17-18-19-20-21-22-24-26-28-30-32-34-36-43(46)52-41(40-51-53(47,48)50-38-37-44)39-49-42(45)35-33-31-29-27-25-23-16-14-12-10-8-6-4-2/h5,7,11,13,17-18,20-21,24,26,30,32,41H,3-4,6,8-10,12,14-16,19,22-23,25,27-29,31,33-40,44H2,1-2H3,(H,47,48)/b7-5-,13-11-,18-17-,21-20-,26-24-,32-30-/t41-/m1/s1"
142.5369802,KBOJOGQFRVVWBH,CC(=O)NC(CC1=CN=CN1)C(=O)O,N-acetylhistidine,"InChI=1S/C8H11N3O3/c1-5(12)11-7(8(13)14)2-6-3-9-4-10-6/h3-4,7H,2H2,1H3,(H,9,10)(H,11,12)(H,13,14)"
128.4299364,PVNIIMVLHYAWGP,C1=CC(=CN=C1)C(=O)O,nicotinic acid,"InChI=1S/C6H5NO2/c8-6(9)5-2-1-3-7-4-5/h1-4H,(H,8,9)"
81.32286749,RFLVMTUMFYRZCB,CN1C(=O)C2=C(N=CN2)N=C1N,methylguanine,"InChI=1S/C6H7N5O/c1-11-5(12)3-4(9-2-8-3)10-6(11)7/h2H,1H3,(H2,7,10)(H,8,9)"
112.7069219,NXJAXUYOQLTISD,C[N+](C)(C)CC(CC(=O)[O-])OC(=O)CCCC(=O)O,"acylcarnitine, glutaryl-","InChI=1S/C12H21NO6/c1-13(2,3)8-9(7-11(16)17)19-12(18)6-4-5-10(14)15/h9H,4-8H2,1-3H3,(H-,14,15,16,17)"
142.195472,SCCPDJAQCXWPTF,C(C(C(=O)O)NC(=O)CN)C(=O)O,Gly-Asp,"InChI=1S/C6H10N2O5/c7-2-4(9)8-3(6(12)13)1-5(10)11/h3H,1-2,7H2,(H,8,9)(H,10,11)(H,12,13)"
53.69391694,MVQVNTPHUGQQHK,C1=CC(=CN=C1)CO,3-pyridinemethanol,"InChI=1S/C6H7NO/c8-5-6-2-1-3-7-4-6/h1-4,8H,5H2"
114.4268388,PRJKNHOMHKJCEJ,C1=C(NC=N1)CC(=O)O,imidazole-4-acetic acid,"InChI=1S/C5H6N2O2/c8-5(9)1-4-2-6-3-7-4/h2-3H,1H2,(H,6,7)(H,8,9)"
63.2406707,FSASIHFSFGAIJM,CN1C=NC(=C2C1=NC=N2)N,3-methyladenine,"InChI=1S/C6H7N5/c1-11-3-10-5(7)4-6(11)9-2-8-4/h2-3H,7H2,1H3"
81.12758752,UTAIYTHAJQNQDW,CN1C(=O)C2=C(N=C1N)N(C=N2)C3C(C(C(O3)CO)O)O,1-methylguanosine,"InChI=1S/C11H15N5O5/c1-15-9(20)5-8(14-11(15)12)16(3-13-5)10-7(19)6(18)4(2-17)21-10/h3-4,6-7,10,17-19H,2H2,1H3,(H2,12,14)"
59.15264931,VMXUWOKSQNHOCA,CNC(=C[N+](=O)[O-])NCCSCC1=CC=C(O1)CN(C)C,ranitidine,"InChI=1S/C13H22N4O3S/c1-14-13(9-17(18)19)15-6-7-21-10-12-5-4-11(20-12)8-16(2)3/h4-5,9,14-15H,6-8,10H2,1-3H3"
85.92373122,WYBBYUGHCIQZBV,C[N+]1(CCCC1C2=CN=CC=C2)C,metanicotine,"InChI=1S/C11H17N2/c1-13(2)8-4-6-11(13)10-5-3-7-12-9-10/h3,5,7,9,11H,4,6,8H2,1-2H3/q+1"
76.72736545,XAUQWYHSQICPAZ,C(CCCCC(=O)O)CCCCN,10-azaniumyldecanoate b,"InChI=1S/C10H21NO2/c11-9-7-5-3-1-2-4-6-8-10(12)13/h1-9,11H2,(H,12,13)"
122.4251245,MMFKFJORZBJVNF,CC(C)CC(C(=O)O)NC(=O)C(CC1=CN=CN1)N,His-Leu,"InChI=1S/C12H20N4O3/c1-7(2)3-10(12(18)19)16-11(17)9(13)4-8-5-14-6-15-8/h5-7,9-10H,3-4,13H2,1-2H3,(H,14,15)(H,16,17)(H,18,19)"
145.7105816,VBKBDLMWICBSCY,C(C(C(=O)O)NC(=O)C(CO)N)C(=O)O,Ser-Asp,"InChI=1S/C7H12N2O6/c8-3(2-10)6(13)9-4(7(14)15)1-5(11)12/h3-4,10H,1-2,8H2,(H,9,13)(H,11,12)(H,14,15)"
122.581471,HNDVDQJCIGZPNO,C1=C(NC=N1)CC(C(=O)O)N,histidine,"InChI=1S/C6H9N3O2/c7-5(6(10)11)1-4-2-8-3-9-4/h2-3,5H,1,7H2,(H,8,9)(H,10,11)"
80.20118462,LVILGAOSPDLNRM,CC1=NC=NC=C1,4-methylpyrimidine,"InChI=1S/C5H6N2/c1-5-2-3-6-4-7-5/h2-4H,1H3"
115.1866316,RWCOTTLHDJWHRS,C1CC(NC1)C(=O)N2CCCC2C(=O)O,Pro-Pro,"InChI=1S/C10H16N2O3/c13-9(7-3-1-5-11-7)12-6-2-4-8(12)10(14)15/h7-8,11H,1-6H2,(H,14,15)"
144.0347638,KDZOASGQNOPSCU,C(CC(C(=O)O)N)CN=C(N)NC(CC(=O)O)C(=O)O,argininosuccinic acid,"InChI=1S/C10H18N4O6/c11-5(8(17)18)2-1-3-13-10(12)14-6(9(19)20)4-7(15)16/h5-6H,1-4,11H2,(H,15,16)(H,17,18)(H,19,20)(H3,12,13,14)"
133.5278416,YTPQSLLEROSACP,CC(=O)NC(CSSCC(C(=O)O)NC(=O)C)C(=O)O,"N,N'-diacetylcystine","InChI=1S/C10H16N2O6S2/c1-5(13)11-7(9(15)16)3-19-20-4-8(10(17)18)12-6(2)14/h7-8H,3-4H2,1-2H3,(H,11,13)(H,12,14)(H,15,16)(H,17,18)"
108.5771994,VAUYGGXCASQWHK,C1=CC=C2C(=C1)C(=C(N2)O)CC(C(=O)O)N,2-hydroxytryptophan,"InChI=1S/C11H12N2O3/c12-8(11(15)16)5-7-6-3-1-2-4-9(6)13-10(7)14/h1-4,8,13-14H,5,12H2,(H,15,16)"
105.0270101,FEMXZDUTFRTWPE,CC(C(C1=NC2=C(NC1)N=C(NC2=O)N)O)O,dihydrobiopterin,"InChI=1S/C9H13N5O3/c1-3(15)6(16)4-2-11-7-5(12-4)8(17)14-9(10)13-7/h3,6,15-16H,2H2,1H3,(H4,10,11,13,14,17)"
71.97977698,GSPAVZIEDMALNO,CC(C1CCCCN1)O,2-piperidylethanol,"InChI=1S/C7H15NO/c1-6(9)7-4-2-3-5-8-7/h6-9H,2-5H2,1H3"
122.5765582,GLWRPXRMUUZNMD,CN(C)C(=NCCCC(=O)C(=O)O)N,dimethylguanidino-valeric acid,"InChI=1S/C8H15N3O3/c1-11(2)8(9)10-5-3-4-6(12)7(13)14/h3-5H2,1-2H3,(H2,9,10)(H,13,14)"
126.1482062,PMMYEEVYMWASQN,C1C(CNC1C(=O)O)O,4-hydroxyproline_peak mountain,"InChI=1S/C5H9NO3/c7-3-1-4(5(8)9)6-2-3/h3-4,6-7H,1-2H2,(H,8,9)"
97.8665226,WAKUKXKZEXFXJP,CCN1CCCC(C1)N,1-ethylpiperidin-3-amine,"InChI=1S/C7H16N2/c1-2-9-5-3-4-7(8)6-9/h7H,2-6,8H2,1H3"
51.07925185,DRIVXEVMDWCWLI,CCCCCCCCCCCCCCCC(=O)OCC(COP(=O)(O)OCCN)OC(=O)CCCC=CCC=CCC=CCC=CCCCCC,PE 16:0_20:4,"InChI=1S/C41H74NO8P/c1-3-5-7-9-11-13-15-17-18-19-20-22-24-26-28-30-32-34-41(44)50-39(38-49-51(45,46)48-36-35-42)37-47-40(43)33-31-29-27-25-23-21-16-14-12-10-8-6-4-2/h11,13,17-18,20,22,26,28,39H,3-10,12,14-16,19,21,23-25,27,29-38,42H2,1-2H3,(H,45,46)"
13.83522448,UVDDFTZLVFIQFL,C1=CC=C(C=C1)C=CC(=O)NO,cinnamoyl-hydroxamic acid,"InChI=1S/C9H9NO2/c11-9(10-12)7-6-8-4-2-1-3-5-8/h1-7,12H,(H,10,11)"
57.39498881,DDRJAANPRJIHGJ,CN1CC(=O)N=C1N,creatinine,"InChI=1S/C4H7N3O/c1-7-2-3(8)6-4(7)5/h2H2,1H3,(H2,5,6,8)"
100.5861234,QHGUCRYDKWKLMG,C1=CC(=CC=C1C(CN)O)O,octopamine,"InChI=1S/C8H11NO2/c9-5-8(11)6-1-3-7(10)4-2-6/h1-4,8,10-11H,5,9H2"
118.3454021,CRWVOYRJXPDBPM,CN1CCC23C4C1CC5=C2C(=C(C=C5)OC)OC3C(C=C4)OC6C(C(C(C(O6)C(=O)O)O)O)O,codeine-6-glucuronide,"InChI=1S/C24H29NO9/c1-25-8-7-24-11-4-6-14(32-23-18(28)16(26)17(27)20(34-23)22(29)30)21(24)33-19-13(31-2)5-3-10(15(19)24)9-12(11)25/h3-6,11-12,14,16-18,20-21,23,26-28H,7-9H2,1-2H3,(H,29,30)"
15.43749038,DJDSLBVSSOQSLW,CCCCC(CC)COC(=O)C1=CC=CC=C1C(=O)O,monoethylhexyl phthalic acid,"InChI=1S/C16H22O4/c1-3-5-8-12(4-2)11-20-16(19)14-10-7-6-9-13(14)15(17)18/h6-7,9-10,12H,3-5,8,11H2,1-2H3,(H,17,18)"
13.74768466,LUZSWWYKKLTDHU,CCCCCC=CC=CC(=O)CCCCCCCC(=O)O,9-OxoODE,"InChI=1S/C18H30O3/c1-2-3-4-5-6-8-11-14-17(19)15-12-9-7-10-13-16-18(20)21/h6,8,11,14H,2-5,7,9-10,12-13,15-16H2,1H3,(H,20,21)"
127.9600018,QIGJYVCQYDKYDW,C(C1C(C(C(C(O1)O)O)OC2C(C(C(C(O2)CO)O)O)O)O)O,nigerose,"InChI=1S/C12H22O11/c13-1-3-5(15)7(17)8(18)12(22-3)23-10-6(16)4(2-14)21-11(20)9(10)19/h3-20H,1-2H2"
129.7432618,WQZGKKKJIJFFOK,C(C1C(C(C(C(O1)O)O)O)O)O,hexose,"InChI=1S/C6H12O6/c7-1-2-3(8)4(9)5(10)6(11)12-2/h2-11H,1H2"
132.866301,AFWBWPCXSWUCLB,C1CC(NC1)C(=O)NC(CO)C(=O)O,Pro-Ser b,"InChI=1S/C8H14N2O4/c11-4-6(8(13)14)10-7(12)5-2-1-3-9-5/h5-6,9,11H,1-4H2,(H,10,12)(H,13,14)"
13.41813378,VBICKXHEKHSIBG,CCCCCCCCCCCCCCCCCC(=O)OCC(CO)O,MG 18:0,"InChI=1S/C21H42O4/c1-2-3-4-5-6-7-8-9-10-11-12-13-14-15-16-17-21(24)25-19-20(23)18-22/h20,22-23H,2-19H2,1H3"
13.18542234,AXFYFNCPONWUHW,CC(C)(CC(=O)O)O,3-hydroxyisovaleric acid,"InChI=1S/C5H10O3/c1-5(2,8)3-4(6)7/h8H,3H2,1-2H3,(H,6,7)"
67.57354971,HTYFFCPFVMJTKM,C1=CC(=CC=C1N=C(N)N=C(N)N)Cl,4-chlorophenylbiguanide,"InChI=1S/C8H10ClN5/c9-5-1-3-6(4-2-5)13-8(12)14-7(10)11/h1-4H,(H6,10,11,12,13,14)"
36.51859145,LYYHRRPTEXPVOR,CCCCCCCCCCCCCCCCCC(=O)OC[C@H](COP(=O)(O)OC[C@@H](C(=O)O)N)OC(=O)CC/C=C\C/C=C\C/C=C\C/C=C\C/C=C\C/C=C\CC,PS 18:0_22:6,"InChI=1S/C46H78NO10P/c1-3-5-7-9-11-13-15-17-19-20-21-22-24-26-28-30-32-34-36-38-45(49)57-42(40-55-58(52,53)56-41-43(47)46(50)51)39-54-44(48)37-35-33-31-29-27-25-23-18-16-14-12-10-8-6-4-2/h5,7,11,13,17,19,21-22,26,28,32,34,42-43H,3-4,6,8-10,12,14-16,18,20,23-25,27,29-31,33,35-41,47H2,1-2H3,(H,50,51)(H,52,53)/b7-5-,13-11-,19-17-,22-21-,28-26-,34-32-/t42-,43+/m1/s1"
79.58194223,FFCCMCGVGUOGGP,CC(CCC(=O)NCCS(=O)(=O)O)C1CCC2C1(C(=O)CC3C2C(CC4C3(CCC(C4)O)C)O)C,oxo-taurocholenic acid,"InChI=1S/C26H43NO7S/c1-15(4-7-23(31)27-10-11-35(32,33)34)18-5-6-19-24-20(14-22(30)26(18,19)3)25(2)9-8-17(28)12-16(25)13-21(24)29/h15-21,24,28-29H,4-14H2,1-3H3,(H,27,31)(H,32,33,34)"
11.94222263,FQNNBQJKEBDPQS,CCCCCCCCC=CCCCCCCCC(=O)OC(CO)COC(=O)CCCCCCCC=CCC=CCCCCC,DG 18:2_18:1,"InChI=1S/C39H70O5/c1-3-5-7-9-11-13-15-17-19-21-23-25-27-29-31-33-38(41)43-36-37(35-40)44-39(42)34-32-30-28-26-24-22-20-18-16-14-12-10-8-6-4-2/h11,13,17-20,37,40H,3-10,12,14-16,21-36H2,1-2H3"
87.19043361,DKPMWHFRUGMUKF,CC(CCC(=O)O)C1CCC2C1(CCC3C2C(C(C4C3(CCC(C4)O)C)O)O)C,beta-muricholic acid,"InChI=1S/C24H40O5/c1-13(4-7-19(26)27)15-5-6-16-20-17(9-11-23(15,16)2)24(3)10-8-14(25)12-18(24)21(28)22(20)29/h13-18,20-22,25,28-29H,4-12H2,1-3H3,(H,26,27)"
30.66186057,FNPHNLNTJNMAEE,CCCCCCCCCCCCCCCCCC(=O)OC(CC(=O)[O-])C[N+](C)(C)C,"acylcarnitine, 18:0","InChI=1S/C25H49NO4/c1-5-6-7-8-9-10-11-12-13-14-15-16-17-18-19-20-25(29)30-23(21-24(27)28)22-26(2,3)4/h23H,5-22H2,1-4H3"
28.88455888,WMUMZOAFCDOTRW,CC(CCC(=O)O)C1CCC2C1(C(CC3C2CCC4C3(CCC(=O)C4)C)O)C,"cholan-24-oic acid, 12-hydroxy-3-oxo-","InChI=1S/C24H38O4/c1-14(4-9-22(27)28)18-7-8-19-17-6-5-15-12-16(25)10-11-23(15,2)20(17)13-21(26)24(18,19)3/h14-15,17-21,26H,4-13H2,1-3H3,(H,27,28)"
88.81083936,JEJLGIQLPYYGEE,CCCCCCCCCCCCCCCC(=O)OCC(CO)OC(=O)CCCCCCCCCCCCCCC,DG 16:0_16:0,"InChI=1S/C35H68O5/c1-3-5-7-9-11-13-15-17-19-21-23-25-27-29-34(37)39-32-33(31-36)40-35(38)30-28-26-24-22-20-18-16-14-12-10-8-6-4-2/h33,36H,3-32H2,1-2H3"
17.70090771,IBKOUOQPDXANCJ,CCOC(=O)C1=NOC2=C1CCCC2,"ethyl 4,5,6,7-tetrahydro-1,2-benzoxazole-3-carboxylate","InChI=1S/C10H13NO3/c1-2-13-10(12)9-7-5-3-4-6-8(7)14-11-9/h2-6H2,1H3"
52.40730658,ATHVAWFAEPLPPQ,CCCCCCCCCCCCCCCCCC(=O)OC[C@H](COP(=O)([O-])OCC[N+](C)(C)C)OC(=O)CCCCCCC/C=C\CCCCCCCC,PC 18:0_18:1,"InChI=1S/C44H86NO8P/c1-6-8-10-12-14-16-18-20-22-24-26-28-30-32-34-36-43(46)50-40-42(41-52-54(48,49)51-39-38-45(3,4)5)53-44(47)37-35-33-31-29-27-25-23-21-19-17-15-13-11-9-7-2/h21,23,42H,6-20,22,24-41H2,1-5H3/b23-21-/t42-/m1/s1"
68.97346683,YBCVTTMMURGSEY,CCCCCCCCC=CCCCCCC(CC(=O)OC(CC(=O)[O-])C[N+](C)(C)C)O,"acylcarnitine, 3-hydroxy-oleoyl- b","InChI=1S/C25H47NO5/c1-5-6-7-8-9-10-11-12-13-14-15-16-17-18-22(27)19-25(30)31-23(20-24(28)29)21-26(2,3)4/h12-13,22-23,27H,5-11,14-21H2,1-4H3"
43.46561312,GFFGJBXGBJISGV,C1=NC2=NC=NC(=C2N1)N,Adenine,"InChI=1S/C5H5N5/c6-4-3-5(9-1-7-3)10-2-8-4/h1-2H,(H3,6,7,8,9,10)"
148.0877047,NPOAOTPXWNWTSH,CC(CC(=O)O)(CC(=O)O)O,3-hydroxy-3-methylglutaric acid,"InChI=1S/C6H10O5/c1-6(11,2-4(7)8)3-5(9)10/h11H,2-3H2,1H3,(H,7,8)(H,9,10)"
12.31848886,BBNYCLAREVXOSG,CCCCCCCCCCCCCCCC(=O)OC(CO)CO,MG 16:0,"InChI=1S/C19H38O4/c1-2-3-4-5-6-7-8-9-10-11-12-13-14-15-19(22)23-18(16-20)17-21/h18,20-21H,2-17H2,1H3"
73.24712783,NKRVAQNWPRPQDK,CC(CCC(=O)O)C1CCC2C1(C(CC3C2C(C=C4C3(CCC(C4)O)C)O)O)C,bile acid CID 4638524,"InChI=1S/C24H38O5/c1-13(4-7-21(28)29)16-5-6-17-22-18(12-20(27)24(16,17)3)23(2)9-8-15(25)10-14(23)11-19(22)26/h11,13,15-20,22,25-27H,4-10,12H2,1-3H3,(H,28,29)"
77.55542537,SEWIYICDCVPBEW,COC(=O)C(CCC(=O)O)N,alpha-methyl glutamate,"InChI=1S/C6H11NO4/c1-11-6(10)4(7)2-3-5(8)9/h4H,2-3,7H2,1H3,(H,8,9)"
72.43222167,HZVWNPNAIHDPFA,CC(CCC(=O)NCCS(=O)(=O)O)C1CCC2C1(C=CC3C2C(CC4C3(CCC(C4)O)C)O)C,taurocholenic acid,"InChI=1S/C26H43NO6S/c1-16(4-7-23(30)27-12-13-34(31,32)33)19-5-6-20-24-21(9-11-26(19,20)3)25(2)10-8-18(28)14-17(25)15-22(24)29/h9,11,16-22,24,28-29H,4-8,10,12-15H2,1-3H3,(H,27,30)(H,31,32,33)"
12.6453764,AOMUHOFOVNGZAN,CCCCCCCCCCCC(=O)N(CCO)CCO,"N,N-bis(2-hydroxyethyl)dodecanamide","InChI=1S/C16H33NO3/c1-2-3-4-5-6-7-8-9-10-11-16(20)17(12-14-18)13-15-19/h18-19H,2-15H2,1H3"
84.80326661,JSJWCHRYRHKBBW,C(CNC(=O)N)C(=O)O,3-ureidopropionic acid,"InChI=1S/C4H8N2O3/c5-4(9)6-2-1-3(7)8/h1-2H2,(H,7,8)(H3,5,6,9)"
83.60786219,RSTKLPZEZYGQPY,C1=CC=C2C(=C1)C(=CN2)CC(=O)C(=O)O,indole-3-pyruvic acid,"InChI=1S/C11H9NO3/c13-10(11(14)15)5-7-6-12-9-4-2-1-3-8(7)9/h1-4,6,12H,5H2,(H,14,15)"
26.93098665,QVWAEZJXDYOKEH,C1=CC(=CC(=C1)O)CCC(=O)O,3-(3-hydroxyphenyl)propanoic acid,"InChI=1S/C9H10O3/c10-8-3-1-2-7(6-8)4-5-9(11)12/h1-3,6,10H,4-5H2,(H,11,12)"
54.77429217,ANSUDRATXSJBLY,COC(=O)C(CO)N,serine methyl ester,"InChI=1S/C4H9NO3/c1-8-4(7)3(5)2-6/h3,6H,2,5H2,1H3"
69.75895819,DJWYOLJPSHDSAL,CC(C)(CO)C(C(=O)NCCC(=O)NCCSSCCNC(=O)CCNC(=O)C(C(C)(C)CO)O)O,pantethine,"InChI=1S/C22H42N4O8S2/c1-21(2,13-27)17(31)19(33)25-7-5-15(29)23-9-11-35-36-12-10-24-16(30)6-8-26-20(34)18(32)22(3,4)14-28/h17-18,27-28,31-32H,5-14H2,1-4H3,(H,23,29)(H,24,30)(H,25,33)(H,26,34)"
96.08037711,RCRCTBLIHCHWDZ,CCCCCC=CCC=CCC=CCC=CCCCC(=O)OC(CO)CO,MG 20:4,"InChI=1S/C23H38O4/c1-2-3-4-5-6-7-8-9-10-11-12-13-14-15-16-17-18-19-23(26)27-22(20-24)21-25/h6-7,9-10,12-13,15-16,22,24-25H,2-5,8,11,14,17-21H2,1H3"
47.89665886,VUTBELPREDJDDH,CC1=NC=C(C(=N1)N)CO,toxopyrimidine,"InChI=1S/C6H9N3O/c1-4-8-2-5(3-10)6(7)9-4/h2,10H,3H2,1H3,(H2,7,8,9)"
112.1220867,XJWPISBUKWZALE,CC(=O)NCCC1=CN=CN1,N-acetylhistamine,"InChI=1S/C7H11N3O/c1-6(11)9-3-2-7-4-8-5-10-7/h4-5H,2-3H2,1H3,(H,8,10)(H,9,11)"
54.09387443,XEPGAKWBGZDKCZ,CCCCCCCCCCCCCCCC(=O)OC(COC(=O)CCCCCCCC=CCC=CCCCCC)COP(=O)(O)OCCN,PE 16:0_18:2,"InChI=1S/C39H74NO8P/c1-3-5-7-9-11-13-15-17-18-20-21-23-25-27-29-31-38(41)45-35-37(36-47-49(43,44)46-34-33-40)48-39(42)32-30-28-26-24-22-19-16-14-12-10-8-6-4-2/h11,13,17-18,37H,3-10,12,14-16,19-36,40H2,1-2H3,(H,43,44)"
139.6286836,MBLBDJOUHNCFQT,CC(=O)NC(C=O)C(O)C(O)C(O)CO,N-acetyl-beta-galactosamine,"InChI=1S/C8H15NO6/c1-4(12)9-5(2-10)7(14)8(15)6(13)3-11/h2,5-8,11,13-15H,3H2,1H3,(H,9,12)"
88.47821198,UOXGGIBAKKQZOQ,CCCCCCCCCCCCCCCC(=O)OC(CO)COCCCCCC/C=C\C/C=C\C/C=C\CC,DG O-16:3_16:0,"InChI=1S/C35H64O4/c1-3-5-7-9-11-13-15-17-19-21-23-25-27-29-31-38-33-34(32-36)39-35(37)30-28-26-24-22-20-18-16-14-12-10-8-6-4-2/h5,7,11,13,17,19,34,36H,3-4,6,8-10,12,14-16,18,20-33H2,1-2H3/b7-5-,13-11-,19-17-"
38.05539228,GADKFYNESXNRLC,C1CC(N(C1)C(=O)C(CC(=O)N)N)C(=O)O,Asn-Pro,"InChI=1S/C9H15N3O4/c10-5(4-7(11)13)8(14)12-3-1-2-6(12)9(15)16/h5-6H,1-4,10H2,(H2,11,13)(H,15,16)"
117.1898228,JPIJQSOTBSSVTP,C(C(C(C(=O)O)O)O)O,erythronic acid,"InChI=1S/C4H8O5/c5-1-2(6)3(7)4(8)9/h2-3,5-7H,1H2,(H,8,9)"
14.10132304,CTYRPMDGLDAWRQ,C1=CC=C(C=C1)OS(=O)(=O)O,phenyl sulfate,"InChI=1S/C6H6O4S/c7-11(8,9)10-6-4-2-1-3-5-6/h1-5H,(H,7,8,9)"
13.17445319,FPXPQMOQWJZYBL,C1=CC(=CC=C1O)OS(=O)(=O)O,quinol sulfate,"InChI=1S/C6H6O5S/c7-5-1-3-6(4-2-5)11-12(8,9)10/h1-4,7H,(H,8,9,10)"
124.9350218,SXZYCXMUPBBULW,C(C(C1C(C(C(=O)O1)O)O)O)O,gulonolactone,"InChI=1S/C6H10O6/c7-1-2(8)5-3(9)4(10)6(11)12-5/h2-5,7-10H,1H2"
16.91444871,LDMOEFOXLIZJOW,CCCCCCCCCCCCS(=O)(=O)O,1-dodecanesulfonic acid,"InChI=1S/C12H26O3S/c1-2-3-4-5-6-7-8-9-10-11-12-16(13,14)15/h2-12H2,1H3,(H,13,14,15)"
122.0460197,DEFJQIDDEAULHB,CC(C(=O)NC(C)C(=O)O)N,alanyl-alanine,"InChI=1S/C6H12N2O3/c1-3(7)5(9)8-4(2)6(10)11/h3-4H,7H2,1-2H3,(H,8,9)(H,10,11)"
117.1493457,KWMLJOLKUYYJFJ,C(C(C(C(C(C(C(=O)O)O)O)O)O)O)O,glucoheptonic acid,"InChI=1S/C7H14O8/c8-1-2(9)3(10)4(11)5(12)6(13)7(14)15/h2-6,8-13H,1H2,(H,14,15)"
12.4262605,YCIMNLLNPGFGHC,C1=CC=C(C(=C1)O)O,pyrocatechol,"InChI=1S/C6H6O2/c7-5-3-1-2-4-6(5)8/h1-4,7-8H"
21.10917131,IJFXRHURBJZNAO,C1=CC(=CC(=C1)O)C(=O)O,3-hydroxybenzoic acid,"InChI=1S/C7H6O3/c8-6-3-1-2-5(4-6)7(9)10/h1-4,8H,(H,9,10)"
135.8282136,AEMOLEFTQBMNLQ,C1(C(C(OC(C1O)O)C(=O)O)O)O,glucuronic acid,"InChI=1S/C6H10O7/c7-1-2(8)4(5(10)11)13-6(12)3(1)9/h1-4,6-9,12H,(H,10,11)"
24.92279441,KVBGVZZKJNLNJU,C1=CC=C2C=C(C=CC2=C1)S(=O)(=O)O,2-naphthalenesulfonic acid b,"InChI=1S/C10H8O3S/c11-14(12,13)10-6-5-8-3-1-2-4-9(8)7-10/h1-7H,(H,11,12,13)"
112.6035029,RBNPOMFGQQGHHO,C(C(C(=O)O)O)O,glyceric acid,"InChI=1S/C3H6O4/c4-1-2(5)3(6)7/h2,4-5H,1H2,(H,6,7)"
12.92254689,YXIWHUQXZSMYRE,C1=CC=C2C(=C1)NC(=S)S2,2-mercaptobenzothiazole,"InChI=1S/C7H5NS2/c9-7-8-5-3-1-2-4-6(5)10-7/h1-4H,(H,8,9)"
39.19045593,USGMFIFZEBFKML,COC1=CC(=C(C=C1)OS(=O)(=O)O)C(=O)O,5-methoxysalicylic acid sulfate,"InChI=1S/C8H8O7S/c1-14-5-2-3-7(15-16(11,12)13)6(4-5)8(9)10/h2-4H,1H3,(H,9,10)(H,11,12,13)"
16.31388782,IQWLPDPKVFZEOK,C1=CC(=CC(=C1)OS(=O)(=O)O)CCC(=O)O,3-(3-sulfooxyphenyl)propanoic acid,"InChI=1S/C9H10O6S/c10-9(11)5-4-7-2-1-3-8(6-7)15-16(12,13)14/h1-3,6H,4-5H2,(H,10,11)(H,12,13,14)"
22.03874755,IACOAKYXFIWAQN,COC1=C(C=CC(=C1)CC(=O)O)OS(=O)(=O)O,homovanillic acid sulfate,"InChI=1S/C9H10O7S/c1-15-8-4-6(5-9(10)11)2-3-7(8)16-17(12,13)14/h2-4H,5H2,1H3,(H,10,11)(H,12,13,14)"
135.8815367,FEWJPZIEWOKRBE,C(C(C(=O)O)O)(C(=O)O)O,cis-epoxysuccinic acid,"InChI=1S/C4H6O6/c5-1(3(7)8)2(6)4(9)10/h1-2,5-6H,(H,7,8)(H,9,10)"
41.26123546,JIXHYWCLUOGIMM,CC(C(=O)O)OCCOC,2-(2-methoxyethoxy)propanoic Acid,"InChI=1S/C6H12O4/c1-5(6(7)8)10-4-3-9-2/h5H,3-4H2,1-2H3,(H,7,8)"
14.55589677,MOTZDAYCYVMXPC,CCCCCCCCCCCCOS(=O)(=O)O,lauric acid sulfate,"InChI=1S/C12H26O4S/c1-2-3-4-5-6-7-8-9-10-11-12-16-17(13,14)15/h2-12H2,1H3,(H,13,14,15)"
16.04718813,KWXICGTUELOLSQ,CCCCCCCCCCCCC1=CC=C(C=C1)S(=O)(=O)O,4-dodecylbenzenesulfonic acid,"InChI=1S/C18H30O3S/c1-2-3-4-5-6-7-8-9-10-11-12-17-13-15-18(16-14-17)22(19,20)21/h13-16H,2-12H2,1H3,(H,19,20,21)"
29.15394936,IAVREABSGIHHMO,C1=CC(=CC(=C1)O)C=O,3-hydroxybenzaldehyde,"InChI=1S/C7H6O2/c8-5-6-2-1-3-7(9)4-6/h1-5,9H"
126.5815094,PFHZIWAVXDSFTB,C1C(=O)OC(C1(C(=O)O)O)C(=O)O,hydroxycitric acid lactone,"InChI=1S/C6H6O7/c7-2-1-6(12,5(10)11)3(13-2)4(8)9/h3,12H,1H2,(H,8,9)(H,10,11)"
15.86330034,PCMORTLOPMLEFB,COC1=CC(=CC(=C1O)OC)C=CC(=O)O,sinapic acid,"InChI=1S/C11H12O5/c1-15-8-5-7(3-4-10(12)13)6-9(16-2)11(8)14/h3-6,14H,1-2H3,(H,12,13)"
34.06584101,YEWZQCDRZRYAEB,CC(C)(C)OP(=O)(O)OC(C)(C)C,di-tert-butyl-phosphate,"InChI=1S/C8H19O4P/c1-7(2,3)11-13(9,10)12-8(4,5)6/h1-6H3,(H,9,10)"
42.37671262,JFCQEDHGNNZCLN,C(CC(=O)O)CC(=O)O,glutaric acid,"InChI=1S/C5H8O4/c6-4(7)2-1-3-5(8)9/h1-3H2,(H,6,7)(H,8,9)"
33.10830753,VHOGYURTWQBHIL,CC1=C(C=NO1)C(=O)NC2=CC=C(C=C2)C(F)(F)F,leflunomide,"InChI=1S/C12H9F3N2O2/c1-7-10(6-16-19-7)11(18)17-9-4-2-8(3-5-9)12(13,14)15/h2-6H,1H3,(H,17,18)"
11.71223614,PZPATWACAAOHTJ,COC1=C(C=CC(=C1)C=CC(=O)O)OS(=O)(=O)O,ferulic acid 4-sulfate,"InChI=1S/C10H10O7S/c1-16-9-6-7(3-5-10(11)12)2-4-8(9)17-18(13,14)15/h2-6H,1H3,(H,11,12)(H,13,14,15)"
101.982929,XFTRTWQBIOMVPK,CC(CC(=O)O)(C(=O)O)O,citramalic acid_major,"InChI=1S/C5H8O5/c1-5(10,4(8)9)2-3(6)7/h10H,2H2,1H3,(H,6,7)(H,8,9)"
18.14098083,IIZPXYDJLKNOIY,CCCCCCCCCCCCCCCC(=O)OCC(COP(=O)([O-])OCC[N+](C)(C)C)OC(=O)CCCC=CCC=CCC=CCC=CCCCCC,PC 16:0_20:4 a,"InChI=1S/C44H80NO8P/c1-6-8-10-12-14-16-18-20-21-22-23-25-27-29-31-33-35-37-44(47)53-42(41-52-54(48,49)51-39-38-45(3,4)5)40-50-43(46)36-34-32-30-28-26-24-19-17-15-13-11-9-7-2/h14,16,20-21,23,25,29,31,42H,6-13,15,17-19,22,24,26-28,30,32-41H2,1-5H3"
18.14098083,FORFDCPQKJHEBF,CCCCCCCCCCCCCCCCCC(=O)OCC(COP(=O)([O-])OCC[N+](C)(C)C)OC(=O)CCCCCCCC=CCC=CCCCCC,PC 18:2_18:0,"InChI=1S/C44H84NO8P/c1-6-8-10-12-14-16-18-20-22-24-26-28-30-32-34-36-43(46)50-40-42(41-52-54(48,49)51-39-38-45(3,4)5)53-44(47)37-35-33-31-29-27-25-23-21-19-17-15-13-11-9-7-2/h15,17,21,23,42H,6-14,16,18-20,22,24-41H2,1-5H3"
44.46808002,HAKKEJDMTIQLJH,CCCCCCCCCCCCCCCCCC(=O)OCC(COP(=O)([O-])OCC[N+](C)(C)C)OC(=O)CCCCCCC=CCC=CCC=CCC=CCC,PC 18:0_20:4,"InChI=1S/C46H84NO8P/c1-6-8-10-12-14-16-18-20-22-23-25-27-29-31-33-35-37-39-46(49)55-44(43-54-56(50,51)53-41-40-47(3,4)5)42-52-45(48)38-36-34-32-30-28-26-24-21-19-17-15-13-11-9-7-2/h8,10,14,16,20,22,25,27,44H,6-7,9,11-13,15,17-19,21,23-24,26,28-43H2,1-5H3"
20.13283235,AQYCMVICBNBXNA,CC(CCC(=O)O)C(=O)O,2-methylglutaric acid,"InChI=1S/C6H10O4/c1-4(6(9)10)2-3-5(7)8/h4H,2-3H2,1H3,(H,7,8)(H,9,10)"
107.5348059,LKDRXBCSQODPBY,C1C(C(C(C(O1)(CO)O)O)O)O,fructose,"InChI=1S/C6H12O6/c7-2-6(11)5(10)4(9)3(8)1-12-6/h3-5,7-11H,1-2H2"
58.64444174,KDYFGRWQOYBRFD,C(CC(=O)O)C(=O)O,succinic acid,"InChI=1S/C4H6O4/c5-3(6)1-2-4(7)8/h1-2H2,(H,5,6)(H,7,8)"
63.98452325,JZSJIASBMOIIKI,CC(C)C1=C(C(=CC=C1)C(C)C)OC2C(C(C(C(O2)C(=O)O)O)O)O,propofol beta-D-Glucuronide,"InChI=1S/C18H26O7/c1-8(2)10-6-5-7-11(9(3)4)15(10)24-18-14(21)12(19)13(20)16(25-18)17(22)23/h5-9,12-14,16,18-21H,1-4H3,(H,22,23)"
101.3358229,RKFMAQNDSSSRTH,CC(=O)NC(C=O)C(C(C(CO)O)OS(=O)(=O)O)O,N-acetyl-galactosamine 4-sulfate,"InChI=1S/C8H15NO9S/c1-4(12)9-5(2-10)7(14)8(6(13)3-11)18-19(15,16)17/h2,5-8,11,13-14H,3H2,1H3,(H,9,12)(H,15,16,17)"
25.3119117,ISAKRJDGNUQOIC,C1=CNC(=O)NC1=O,uracil,"InChI=1S/C4H4N2O2/c7-3-1-2-5-4(8)6-3/h1-2H,(H2,5,6,7,8)"
17.2112234,UIOFUWFRIANQPC,CC1=C(C(=NO1)C2=C(C=CC=C2Cl)F)C(=O)NC3C4N(C3=O)C(C(S4)(C)C)C(=O)O,flucloxacillin,"InChI=1S/C19H17ClFN3O5S/c1-7-10(12(23-29-7)11-8(20)5-4-6-9(11)21)15(25)22-13-16(26)24-14(18(27)28)19(2,3)30-17(13)24/h4-6,13-14,17H,1-3H3,(H,22,25)(H,27,28)"
18.74451053,SDLYZOYQWKDWJG,C1CC1N2C=C(C(=O)C3=CC(=C(C=C32)N4CCN(CC4)S(=O)(=O)O)F)C(=O)O,sulfociprofloxacin a,"InChI=1S/C17H18FN3O6S/c18-13-7-11-14(21(10-1-2-10)9-12(16(11)22)17(23)24)8-15(13)19-3-5-20(6-4-19)28(25,26)27/h7-10H,1-6H2,(H,23,24)(H,25,26,27)"
107.0658967,SBJKKFFYIZUCET,C(C(C1C(=O)C(=O)C(=O)O1)O)O,dehydroascorbic acid,"InChI=1S/C6H6O6/c7-1-2(8)5-3(9)4(10)6(11)12-5/h2,5,7-8H,1H2"
22.56636704,HUPFGZXOMWLGNK,C1=CC(=C(C=C1C2=C(C=C(C=C2)F)F)C(=O)O)O,diflunisal_low abundant peak a,"InChI=1S/C13H8F2O3/c14-8-2-3-9(11(15)6-8)7-1-4-12(16)10(5-7)13(17)18/h1-6,16H,(H,17,18)"
25.14529442,AFCGFAGUEYAMAO,CC(=O)NCCCS(=O)(=O)O,acamprosate,"InChI=1S/C5H11NO4S/c1-5(7)6-3-2-4-11(8,9)10/h2-4H2,1H3,(H,6,7)(H,8,9,10)"
136.0127613,RGHNJXZEOKUKBD,C(C(C(C(C(C(=O)O)O)O)O)O)O,gulonic acid c,"InChI=1S/C6H12O7/c7-1-2(8)3(9)4(10)5(11)6(12)13/h2-5,7-11H,1H2,(H,12,13)"
41.11734212,WXTMDXOMEHJXQO,C1=CC(=C(C=C1O)C(=O)O)O,gentisic acid,"InChI=1S/C7H6O4/c8-4-1-2-6(9)5(3-4)7(10)11/h1-3,8-9H,(H,10,11)"
25.11681553,JOXIMZWYDAKGHI,CC1=CC=C(C=C1)S(=O)(=O)O,toluene-4-sulfonic acid,"InChI=1S/C7H8O3S/c1-6-2-4-7(5-3-6)11(8,9)10/h2-5H,1H3,(H,8,9,10)"
23.99533432,WLGDAKIJYPIYLR,CCCCCCCCS(=O)(=O)O,1-octanesulfonic acid,"InChI=1S/C8H18O3S/c1-2-3-4-5-6-7-8-12(9,10)11/h2-8H2,1H3,(H,9,10,11)"
16.60759919,DTQVDTLACAAQTR,C(=O)(C(F)(F)F)O,trifluoroacetic acid,"InChI=1S/C2HF3O2/c3-2(4,5)1(6)7/h(H,6,7)"
16.65676111,UAZLASMTBCLJKO,CCCCCCCCCCC1=CC=CC=C1S(=O)(=O)O,"benzenesulfonic acid, decyl-","InChI=1S/C16H26O3S/c1-2-3-4-5-6-7-8-9-12-15-13-10-11-14-16(15)20(17,18)19/h10-11,13-14H,2-9,12H2,1H3,(H,17,18,19)"
15.93562775,UJVLDDZCTMKXJK,CC12CCC(=O)C=C1C=CC3C2CCC4(C3CCC45CCC(=O)O5)C,canrenone,"InChI=1S/C22H28O3/c1-20-9-5-15(23)13-14(20)3-4-16-17(20)6-10-21(2)18(16)7-11-22(21)12-8-19(24)25-22/h3-4,13,16-18H,5-12H2,1-2H3"
85.70495468,HWXBTNAVRSUOJR,C(CC(=O)O)C(C(=O)O)O,2-hydroxyglutaric acid,"InChI=1S/C5H8O5/c6-3(5(9)10)1-2-4(7)8/h3,6H,1-2H2,(H,7,8)(H,9,10)"
16.60281539,AXDXVEYHEODSPN,CC(CCC(=O)O)C1CCC2C1(CCC3C2CCC4C3(CCC(C4)OS(=O)(=O)O)C)C,lithocholic acid sulfate,"InChI=1S/C24H40O6S/c1-15(4-9-22(25)26)19-7-8-20-18-6-5-16-14-17(30-31(27,28)29)10-12-23(16,2)21(18)11-13-24(19,20)3/h15-21H,4-14H2,1-3H3,(H,25,26)(H,27,28,29)"
78.52837269,MYFMARDICOWMQP,CC(C)CC(C(=O)O)NC(=O)CCC(C(=O)O)N,gamma-glutamylleucine,"InChI=1S/C11H20N2O5/c1-6(2)5-8(11(17)18)13-9(14)4-3-7(12)10(15)16/h6-8H,3-5,12H2,1-2H3,(H,13,14)(H,15,16)(H,17,18)"
84.96385505,UMWWHOXOVPIGFD,CN1C(=S)NC(=O)C(=O)N1,thiotriazinone,"InChI=1S/C4H5N3O2S/c1-7-4(10)5-2(8)3(9)6-7/h1H3,(H,6,9)(H,5,8,10)"
82.57225229,XXKSYIHWRBBHIC,CCCC(CCC)C(=O)OC1C(C(C(C(O1)C(=O)O)O)O)O,valproic acid glucuronide,"InChI=1S/C14H24O8/c1-3-5-7(6-4-2)13(20)22-14-10(17)8(15)9(16)11(21-14)12(18)19/h7-11,14-17H,3-6H2,1-2H3,(H,18,19)"
20.79691324,YGSDEFSMJLZEOE,C1=CC=C(C(=C1)C(=O)O)O,salicylic acid,"InChI=1S/C7H6O3/c8-6-4-2-1-3-5(6)7(9)10/h1-4,8H,(H,9,10)"
60.00803635,ANRKEHNWXKCXDB,CCCCCCCCCCCCCCCCCC(=O)OCC(COP(=O)(O)OCCN)OC(=O)CCCC=CCC=CCC=CCC=CCCCCC,PE 18:0_20:4 b,"InChI=1S/C43H78NO8P/c1-3-5-7-9-11-13-15-17-19-20-22-24-26-28-30-32-34-36-43(46)52-41(40-51-53(47,48)50-38-37-44)39-49-42(45)35-33-31-29-27-25-23-21-18-16-14-12-10-8-6-4-2/h11,13,17,19,22,24,28,30,41H,3-10,12,14-16,18,20-21,23,25-27,29,31-40,44H2,1-2H3,(H,47,48)"
142.8696577,QXKAIJAYHKCRRA,C(C(C(C(C(=O)O)O)O)O)O,arabinonic acid,"InChI=1S/C5H10O6/c6-1-2(7)3(8)4(9)5(10)11/h2-4,6-9H,1H2,(H,10,11)"
145.1472936,HXXFSFRBOHSIMQ,C(C1C(C(C(C(O1)OP(=O)(O)O)O)O)O)O,glucose-1-phosphate,"InChI=1S/C6H13O9P/c7-1-2-3(8)4(9)5(10)6(14-2)15-16(11,12)13/h2-10H,1H2,(H2,11,12,13)"
29.51274104,WXUAQHNMJWJLTG,CC(CC(=O)O)C(=O)O,methylsuccinic acid,"InChI=1S/C5H8O4/c1-3(5(8)9)2-4(6)7/h3H,2H2,1H3,(H,6,7)(H,8,9)"
14.89998369,UTTJAIFHRUAFED,C1CC(=O)NC2=C1C(=CC=C2)O,"5-hydroxy-3,4-dihydro-2(1H)-quinolinone","InChI=1S/C9H9NO2/c11-8-3-1-2-7-6(8)4-5-9(12)10-7/h1-3,11H,4-5H2,(H,10,12)"
102.0744499,WQPMYSHJKXVTME,C(CO)CS(=O)(=O)O,3-hydroxypropane-1-sulfonic acid,"InChI=1S/C3H8O4S/c4-2-1-3-8(5,6)7/h4H,1-3H2,(H,5,6,7)"
132.8227841,AWUCVROLDVIAJX,C(C(COP(=O)(O)O)O)O,glycero-3-phosphate,"InChI=1S/C3H9O6P/c4-1-3(5)2-9-10(6,7)8/h3-5H,1-2H2,(H2,6,7,8)"
47.4247699,HABHUTWTLGRDDU,C(CCC(=O)O)CC(=O)C(=O)O,2-oxoheptanedioic acid,"InChI=1S/C7H10O5/c8-5(7(11)12)3-1-2-4-6(9)10/h1-4H2,(H,9,10)(H,11,12)"
12.96863077,WXUQMTRHPNOXBV,C1=CC=C2C(=C1)C3=C(C=C(C=C3)O)OC2=O,urolithin B,"InChI=1S/C13H8O3/c14-8-5-6-10-9-3-1-2-4-11(9)13(15)16-12(10)7-8/h1-7,14H"
58.66515911,OFOBLEOULBTSOW,C(C(=O)O)C(=O)O,malonic acid,"InChI=1S/C3H4O4/c4-2(5)1-3(6)7/h1H2,(H,4,5)(H,6,7)"
58.59975953,MZBFYGYTZIZFQC,CCCCCCCC(CCCCCC)S(=O)(=O)O,tetradecane-7-sulfonic acid,"InChI=1S/C14H30O3S/c1-3-5-7-9-11-13-14(18(15,16)17)12-10-8-6-4-2/h14H,3-13H2,1-2H3,(H,15,16,17)"
37.79441048,HVRZYSHVZOELOH,CC(CC=C)C(=O)O,2-methyl-4-pentenoic acid,"InChI=1S/C6H10O2/c1-3-4-5(2)6(7)8/h3,5H,1,4H2,2H3,(H,7,8)"
76.39138819,KTHDTJVBEPMMGL,CC(C(=O)O)NC(=O)C,N-acetylalanine,"InChI=1S/C5H9NO3/c1-3(5(8)9)6-4(2)7/h3H,1-2H3,(H,6,7)(H,8,9)"
42.94075227,LCWILJJGLGQLIX,CCC=CCC=CCC=CCC=CCCCCCCC(=O)OC(COC(=O)CCCCCCCCCCCCCCC)COC1OC(CO)C(O)C(O)C1O,PI 16:0_20:4,"InChI=1S/C45H78O10/c1-3-5-7-9-11-13-15-17-18-19-20-22-24-26-28-30-32-34-41(48)54-38(37-53-45-44(51)43(50)42(49)39(35-46)55-45)36-52-40(47)33-31-29-27-25-23-21-16-14-12-10-8-6-4-2/h5,7,11,13,17-18,20,22,38-39,42-46,49-51H,3-4,6,8-10,12,14-16,19,21,23-37H2,1-2H3"
22.08388922,LVHBHZANLOWSRM,C=C(CC(=O)O)C(=O)O,itaconic acid,"InChI=1S/C5H6O4/c1-3(5(8)9)2-4(6)7/h1-2H2,(H,6,7)(H,8,9)"
17.11151125,ARGCPGOJOKCMSW,CC(CCC(=O)O)C1CCC2C1(C(CC3C2CCC4C3(CCC(C4)OS(=O)(=O)O)C)O)C,deoxycholic acid 3-sulfate,"InChI=1S/C24H40O7S/c1-14(4-9-22(26)27)18-7-8-19-17-6-5-15-12-16(31-32(28,29)30)10-11-23(15,2)20(17)13-21(25)24(18,19)3/h14-21,25H,4-13H2,1-3H3,(H,26,27)(H,28,29,30)"
14.54658181,SIOXPEMLGUPBBT,C1=CC=NC(=C1)C(=O)O,picolinic acid,"InChI=1S/C6H5NO2/c8-6(9)5-3-1-2-4-7-5/h1-4H,(H,8,9)"
14.91700157,KJWQVTFGBFEXMV,COC1=CC(=CC(=C1OS(=O)(=O)O)OC)C=CC(=O)O,sinapic acid 4-O-sulfate,"InChI=1S/C11H12O8S/c1-17-8-5-7(3-4-10(12)13)6-9(18-2)11(8)19-20(14,15)16/h3-6H,1-2H3,(H,12,13)(H,14,15,16)"
86.32339355,GPDXFYPVHRESMA,C1=C(C(=CC(=C1O)O)O)C(=O)O,"2,4,5-trihydroxybenzoic acid","InChI=1S/C7H6O5/c8-4-2-6(10)5(9)1-3(4)7(11)12/h1-2,8-10H,(H,11,12)"
137.7547216,SUHOOTKUPISOBE,C(COP(=O)(O)O)N,O-phosphoethanolamine,"InChI=1S/C2H8NO4P/c3-1-2-7-8(4,5)6/h1-3H2,(H2,4,5,6)"
86.5892392,UCMIRNVEIXFBKS,C(CN)C(=O)O,beta-Alanine,"InChI=1S/C3H7NO2/c4-2-1-3(5)6/h1-2,4H2,(H,5,6)"
16.95498151,GZVIQGVWSNEONZ,C1=CC(=CC=C1CCC(CC(CCC2=CC=C(C=C2)O)O)O)O,hannokinol,"InChI=1S/C19H24O4/c20-16-7-1-14(2-8-16)5-11-18(22)13-19(23)12-6-15-3-9-17(21)10-4-15/h1-4,7-10,18-23H,5-6,11-13H2"
80.32227481,RRVLNNMINXAIKC,CC(CCC(=O)O)C1CCC2C1(C(CC3C2C(CC4C3(CCC(C4)O)C)OS(=O)(=O)O)O)C,sulfocholic acid,"InChI=1S/C24H40O8S/c1-13(4-7-21(27)28)16-5-6-17-22-18(12-20(26)24(16,17)3)23(2)9-8-15(25)10-14(23)11-19(22)32-33(29,30)31/h13-20,22,25-26H,4-12H2,1-3H3,(H,27,28)(H,29,30,31)"
22.85864601,SUZRRICLUFMAQD,CNCCS(=O)(=O)O,2-(methylamino)ethanesulfonic acid a,"InChI=1S/C3H9NO3S/c1-4-2-3-8(5,6)7/h4H,2-3H2,1H3,(H,5,6,7)"
69.47456364,QDYWROGINJISOM,C1=CC=C2C(=C1)C(C(=N2)S(=O)(=O)O)CC(=O)O,indole-3-acetate-2-sulfonate,"InChI=1S/C10H9NO5S/c12-9(13)5-7-6-3-1-2-4-8(6)11-10(7)17(14,15)16/h1-4,7H,5H2,(H,12,13)(H,14,15,16)"
55.98348718,FIDISSFBBFUTOK,CC(CC=CCC(C)C(CC(=O)O)O)C(CC(=O)O)O,"3,10-dihydroxy-4,9-dimethyldodec-6-enedioic acid","InChI=1S/C14H24O6/c1-9(11(15)7-13(17)18)5-3-4-6-10(2)12(16)8-14(19)20/h3-4,9-12,15-16H,5-8H2,1-2H3,(H,17,18)(H,19,20)"
18.12199921,HKOSMOOPBHNACF,CC1CCC2(CCC3(C(=CCC4C3(CCC5C4(CCC(C5(C)COS(=O)(=O)O)O)C)C)C2C1(C)O)C)C(=O)OC6C(C(C(C(O6)CO)O)O)O,NP-022920_sulfate glycoside,"InChI=1S/C36H58O13S/c1-19-9-14-36(30(42)49-29-27(41)26(40)25(39)21(17-37)48-29)16-15-33(4)20(28(36)35(19,6)43)7-8-23-31(2)12-11-24(38)32(3,18-47-50(44,45)46)22(31)10-13-34(23,33)5/h7,19,21-29,37-41,43H,8-18H2,1-6H3,(H,44,45,46)"
94.91583404,NHXZRXLFOBFMDM,CC(C)CC(C(=O)O)NC(=O)C1CCCN1C(=O)C(C(C)C)N,diprotin B,"InChI=1S/C16H29N3O4/c1-9(2)8-11(16(22)23)18-14(20)12-6-5-7-19(12)15(21)13(17)10(3)4/h9-13H,5-8,17H2,1-4H3,(H,18,20)(H,22,23)"
144.9607994,NGHMDNPXVRFFGS,C(C(C(C=O)O)O)OP(=O)(O)O,erythrose 4-phosphate,"InChI=1S/C4H9O7P/c5-1-3(6)4(7)2-11-12(8,9)10/h1,3-4,6-7H,2H2,(H2,8,9,10)"
143.2802297,CKLMBUIIPNQRLI,COC1=CC=C(C=C1)C2=COC3=CC(=CC(=C3C2=O)O)OC4C(C(C(C(O4)COC5C(C(CO5)(COC6C(C(CO6)(CO)O)O)O)O)O)O)O,biochanin A 7-O-.beta.-D-apiofuranosyl-(1->5)-.beta.-D-apiofuranosyl-(1->6)-.beta.-D-glucopyranoside,"InChI=1S/C32H38O18/c1-43-15-4-2-14(3-5-15)17-8-44-19-7-16(6-18(34)21(19)22(17)35)49-28-25(38)24(37)23(36)20(50-28)9-45-29-27(40)32(42,12-47-29)13-48-30-26(39)31(41,10-33)11-46-30/h2-8,20,23-30,33-34,36-42H,9-13H2,1H3"
17.54328397,ATBOMIWRCZXYSZ,CCCCCCCCCCCCCCCC(=O)OCC(COP(=O)(O)OCC(CO)O)OC(=O)CCCCCCCC=CCC=CCCCCC,PG 16:0_18:2,"InChI=1S/C40H75O10P/c1-3-5-7-9-11-13-15-17-18-20-22-24-26-28-30-32-40(44)50-38(36-49-51(45,46)48-34-37(42)33-41)35-47-39(43)31-29-27-25-23-21-19-16-14-12-10-8-6-4-2/h11,13,17-18,37-38,41-42H,3-10,12,14-16,19-36H2,1-2H3,(H,45,46)"
42.3573761,ADVGKWPZRIDURE,CC(=O)NC1=CC=CC=C1O,2-acetamidophenol,"InChI=1S/C8H9NO2/c1-6(10)9-7-4-2-3-5-8(7)11/h2-5,11H,1H3,(H,9,10)"
95.47261028,IAJILQKETJEXLJ,C(=O)C(C(C(C(C(=O)O)O)O)O)O,glucuronic acid,"InChI=1S/C6H10O7/c7-1-2(8)3(9)4(10)5(11)6(12)13/h1-5,8-11H,(H,12,13)"
16.7798114,PAZGBAOHGQRCBP,CCCCCCCCCCCCCCCC(=O)OCC(COP(=O)(O)OCC(CO)O)OC(=O)CCCCCCCC=CCCCCCCCC,PG 16:0_18:1,"InChI=1S/C40H77O10P/c1-3-5-7-9-11-13-15-17-18-20-22-24-26-28-30-32-40(44)50-38(36-49-51(45,46)48-34-37(42)33-41)35-47-39(43)31-29-27-25-23-21-19-16-14-12-10-8-6-4-2/h17-18,37-38,41-42H,3-16,19-36H2,1-2H3,(H,45,46)"
42.36953737,BIABMEZBCHDPBV,CCCCCCCCCCCCCCCC(=O)OCC(COP(=O)(O)OCC(CO)O)OC(=O)CCCCCCCCCCCCCCC,PG 16:0_16:0,"InChI=1S/C38H75O10P/c1-3-5-7-9-11-13-15-17-19-21-23-25-27-29-37(41)45-33-36(34-47-49(43,44)46-32-35(40)31-39)48-38(42)30-28-26-24-22-20-18-16-14-12-10-8-6-4-2/h35-36,39-40H,3-34H2,1-2H3,(H,43,44)"
17.65193533,WYQAWCKJZZTWLZ,CC(CCC(=O)O)C1CCC2C3C(=O)CC4CC(OS(=O)(=O)O)CCC4(C)C3CCC12C,sterol 24:2;O3;S,"InChI=1S/C24H38O7S/c1-14(4-7-21(26)27)17-5-6-18-22-19(9-11-24(17,18)3)23(2)10-8-16(31-32(28,29)30)12-15(23)13-20(22)25/h14-19,22H,4-13H2,1-3H3,(H,26,27)(H,28,29,30)"